rsi,macd,sma_short,sma_long,volume,label
50.0,0.0,13.558127077148724,13.558127077148724,0.0,0
50.0,0.0,5.570917957983949,5.570917957983949,0.0,0
50.0,0.0,0.20030188535666132,0.20030188535666132,0.0,0
50.0,0.0,6.291139649125382,6.291139649125382,0.0,1
50.0,0.0,0.592070510071758,0.592070510071758,0.0,1
50.0,0.0,2.3684882836944654,2.3684882836944654,0.0,1
50.0,0.0,6.355367617422562,6.355367617422562,0.0,1
50.0,0.0,0.030983,0.030983,0.0,0
50.0,0.0,0.19465,0.19465,0.0,0
50.0,0.0,1.91901,1.91901,0.0,0
50.0,0.0,0.60761,0.60761,0.0,0
50.0,0.0,0.7774167014904113,0.7774167014904113,0.0,1
50.0,0.0,2.657680123971986,2.657680123971986,0.0,1
50.0,0.0,2.6659,2.6659,0.0,0
50.0,0.0,0.3367059671180118,0.3367059671180118,0.0,0
50.0,0.0,2.4687956286687815,2.4687956286687815,0.0,0
50.0,0.0,14.774330335886258,14.774330335886258,0.0,0
50.0,0.0,162.8037375428847,162.8037375428847,0.0,0
50.0,0.0,0.3206352094774256,0.3206352094774256,0.0,1
50.0,0.0,157.7810324702426,157.7810324702426,0.0,0
50.0,0.0,2.886385447912203,2.886385447912203,0.0,0
50.0,0.0,2.7263512693221834,2.7263512693221834,0.0,0
50.0,0.0,6.196034740368868,6.196034740368868,0.0,1
50.0,0.0,2.3446008628051933,2.3446008628051933,0.0,1
50.0,0.0,2.622115167746552,2.622115167746552,0.0,0
50.0,0.0,14.654437617887766,14.654437617887766,0.0,0
50.0,0.0,0.20037666877115745,0.20037666877115745,0.0,1
50.0,0.0,6.328141664757256,6.328141664757256,0.0,1
50.0,0.0,5.663972687165553,5.663972687165553,0.0,1
50.0,0.0,2.441994703240199,2.441994703240199,0.0,0
50.0,0.0,14.162803869520717,14.162803869520717,0.0,0
50.0,0.0,13.558127077148724,13.558127077148724,0.0,0
50.0,0.0,5.570917957983949,5.570917957983949,0.0,0
50.0,0.0,0.20030188535666132,0.20030188535666132,0.0,0
50.0,0.0,6.291139649125382,6.291139649125382,0.0,1
50.0,0.0,0.592070510071758,0.592070510071758,0.0,1
50.0,0.0,2.3684882836944654,2.3684882836944654,0.0,1
50.0,0.0,6.355367617422562,6.355367617422562,0.0,1
50.0,0.0,0.030983,0.030983,0.0,0
50.0,0.0,0.19465,0.19465,0.0,0
50.0,0.0,1.91901,1.91901,0.0,0
50.0,0.0,0.60761,0.60761,0.0,0
50.0,0.0,0.7774167014904113,0.7774167014904113,0.0,1
50.0,0.0,2.657680123971986,2.657680123971986,0.0,1
50.0,0.0,0.17916,0.17916,0.0,0
50.0,0.0,0.021532,0.021532,0.0,0
50.0,0.0,0.60769,0.60769,0.0,0
50.0,0.0,1.17805,1.17805,0.0,1
50.0,0.0,0.5237,0.5237,0.0,1
50.0,0.0,1.3507,1.3507,0.0,0
50.0,0.0,0.030821,0.030821,0.0,1
50.0,0.0,0.084453,0.084453,0.0,0
50.0,0.0,0.76564,0.76564,0.0,1
50.0,0.0,0.25144,0.25144,0.0,1
50.0,0.0,0.002595,0.002595,0.0,1
50.0,0.0,0.3937,0.3937,0.0,1
50.0,0.0,0.52886,0.52886,0.0,0
50.0,0.0,0.60102,0.60102,0.0,0
50.0,0.0,0.119413,0.119413,0.0,1
50.0,0.0,11.528,11.528,0.0,1
50.0,0.0,0.031397,0.031397,0.0,0
50.0,0.0,0.2737,0.2737,0.0,1
50.0,0.0,0.24053,0.24053,0.0,1
50.0,0.0,0.023299,0.023299,0.0,1
50.0,0.0,0.0102803,0.0102803,0.0,0
50.0,0.0,0.0026031,0.0026031,0.0,1
50.0,0.0,4.2182,4.2182,0.0,0
50.0,0.0,0.52285,0.52285,0.0,0
50.0,0.0,1.1276,1.1276,0.0,0
50.0,0.0,0.19894,0.19894,0.0,0
50.0,0.0,0.77961,0.77961,0.0,1
50.0,0.0,0.19649,0.19649,0.0,0
50.0,0.0,0.011484,0.011484,0.0,0
50.0,0.0,0.03,0.03,0.0,1
50.0,0.0,2.4657,2.4657,0.0,1
50.0,0.0,0.63756,0.63756,0.0,0
50.0,0.0,0.43606,0.43606,0.0,1
50.0,0.0,0.011165760249007152,0.011165760249007152,0.0,0
50.0,0.0,0.48613,0.48613,0.0,1
50.0,0.0,0.028687,0.028687,0.0,1
50.0,0.0,0.58788,0.58788,0.0,1
50.0,0.0,0.19357,0.19357,0.0,0
50.0,0.0,0.02136,0.02136,0.0,0
50.0,0.0,3.6184,3.6184,0.0,0
50.0,0.0,0.37822,0.37822,0.0,0
50.0,0.0,0.21032,0.21032,0.0,1
50.0,0.0,0.12384,0.12384,0.0,1
50.0,0.0,0.23968,0.23968,0.0,1
50.0,0.0,1.9363,1.9363,0.0,0
50.0,0.0,2.626,2.626,0.0,0
50.0,0.0,0.19446,0.19446,0.0,0
50.0,0.0,0.198,0.198,0.0,1
50.0,0.0,3.03648,3.03648,0.0,0
50.0,0.0,0.036625,0.036625,0.0,0
50.0,0.0,0.109939,0.109939,0.0,0
50.0,0.0,0.58,0.58,0.0,0
50.0,0.0,0.15014,0.15014,0.0,0
50.0,0.0,0.0071545,0.0071545,0.0,0
50.0,0.0,0.083825,0.083825,0.0,1
50.0,0.0,0.012956,0.012956,0.0,0
50.0,0.0,0.088058,0.088058,0.0,0
50.0,0.0,0.031476,0.031476,0.0,1
50.0,0.0,0.12354,0.12354,0.0,0
50.0,0.0,0.557,0.557,0.0,0
50.0,0.0,0.49764,0.49764,0.0,1
50.0,0.0,0.15808,0.15808,0.0,1
50.0,0.0,0.00024911,0.00024911,0.0,1
50.0,0.0,0.031235,0.031235,0.0,0
50.0,0.0,0.14752,0.14752,0.0,0
50.0,0.0,0.008162,0.008162,0.0,1
50.0,0.0,0.17692,0.17692,0.0,0
50.0,0.0,0.019961,0.019961,0.0,0
50.0,0.0,0.57415,0.57415,0.0,1
50.0,0.0,5.7192,5.7192,0.0,1
50.0,0.0,120.79,120.79,0.0,0
50.0,0.0,2.6152,2.6152,0.0,0
50.0,0.0,0.58005,0.58005,0.0,0
50.0,0.0,5.4552,5.4552,0.0,0
50.0,0.0,0.33549,0.33549,0.0,0
50.0,0.0,5.2442,5.2442,0.0,1
50.0,0.0,0.18801,0.18801,0.0,1
50.0,0.0,5.2739,5.2739,0.0,0
50.0,0.0,2.508118632258811,2.508118632258811,0.0,0
50.0,0.0,12.736331823007864,12.736331823007864,0.0,0
50.0,0.0,12.973215870732345,12.973215870732345,0.0,0
50.0,0.0,5.1459,5.1459,0.0,0
50.0,0.0,0.1803045657433048,0.1803045657433048,0.0,0
50.0,0.0,2.03,2.03,0.0,1
50.0,0.0,144.62532972617643,144.62532972617643,0.0,0
50.0,0.0,0.2604347991229231,0.2604347991229231,0.0,1
50.0,0.0,5.1396,5.1396,0.0,1
50.0,0.0,0.4808020664278696,0.4808020664278696,0.0,1
50.0,0.0,0.27043029164229243,0.27043029164229243,0.0,1
50.0,0.0,1.9670443950497487,1.9670443950497487,0.0,0
50.0,0.0,5.319010207466117,5.319010207466117,0.0,1
50.0,0.0,0.47612,0.47612,0.0,1
50.0,0.0,1.6083382017709522,1.6083382017709522,0.0,1
50.0,0.0,1.9462,1.9462,0.0,1
50.0,0.0,1.85794,1.85794,0.0,1
50.0,0.0,0.12554,0.12554,0.0,0
50.0,0.0,11.076,11.076,0.0,1
50.0,0.0,12.165,12.165,0.0,1
50.0,0.0,1.8939911071191176,1.8939911071191176,0.0,1
50.0,0.0,2.3178370445033787,2.3178370445033787,0.0,0
50.0,0.0,11.539,11.539,0.0,1
50.0,0.0,1.6384,1.6384,0.0,1
50.0,0.0,1.9019,1.9019,0.0,1
50.0,0.0,2.008,2.008,0.0,1
50.0,0.0,11.635,11.635,0.0,0
50.0,0.0,1.6721,1.6721,0.0,0
50.0,0.0,122.01,122.01,0.0,0
50.0,0.0,1.9275,1.9275,0.0,0
50.0,0.0,1.87827,1.87827,0.0,1
50.0,0.0,1.9785,1.9785,0.0,0
50.0,0.0,12.85,12.85,0.0,0
50.0,0.0,0.12281,0.12281,0.0,0
50.0,0.0,118.59,118.59,0.0,1
50.0,0.0,0.11977,0.11977,0.0,1
50.0,0.0,2.1043,2.1043,0.0,0
50.0,0.0,1.5845,1.5845,0.0,0
50.0,0.0,1.89438,1.89438,0.0,0
50.0,0.0,5.3338,5.3338,0.0,0
50.0,0.0,0.27919,0.27919,0.0,0
50.0,0.0,11.156,11.156,0.0,0
50.0,0.0,1.82638,1.82638,0.0,0
50.0,0.0,1.8279,1.8279,0.0,0
50.0,0.0,1.4758,1.4758,0.0,0
50.0,0.0,0.11409,0.11409,0.0,0
50.0,0.0,1.955,1.955,0.0,0
50.0,0.0,107.3,107.3,0.0,1
50.0,0.0,1.7532,1.7532,0.0,1
50.0,0.0,4.9241,4.9241,0.0,1
50.0,0.0,11.464,11.464,0.0,1
50.0,0.0,1.80376,1.80376,0.0,1
50.0,0.0,0.25849,0.25849,0.0,1
50.0,0.0,1.85047673817435,1.85047673817435,0.0,1
50.0,0.0,1.9429932547951434,1.9429932547951434,0.0,1
50.0,0.0,0.12055893918109932,0.12055893918109932,0.0,1
50.0,0.0,0.5446887552532795,0.5446887552532795,0.0,1
50.0,0.0,0.13807,0.13807,0.0,1
50.0,0.0,90378.48245983513,90378.48245983513,0.0,0
50.0,0.0,3401.440288584774,3401.440288584774,0.0,0
50.0,0.0,11.817508040363347,11.817508040363347,0.0,1
50.0,0.0,1.8916642957618044,1.8916642957618044,0.0,0
50.0,0.0,0.2238786270682934,0.2238786270682934,0.0,0
50.0,0.0,12.070071295162444,12.070071295162444,0.0,1
50.0,0.0,90378.48245983513,90378.48245983513,0.0,0
50.0,0.0,0.41637780672834085,0.41637780672834085,0.0,0
50.0,0.0,5.3465,5.3465,0.0,0
50.0,0.0,5.0864,5.0864,0.0,0
50.0,0.0,1.8212100000000002,1.8212100000000002,0.0,1
50.0,0.0,1.7748,1.7748,0.0,1
50.0,0.0,0.13178000000000004,0.13178000000000004,0.0,0
50.0,0.0,0.58,0.58,0.0,0
50.0,0.0,0.19595669671628452,0.19595669671628452,0.0,1
50.0,0.0,0.19978,0.19978,0.0,0
50.0,0.0,3.7882307262903217e-06,3.7882307262903217e-06,0.0,1
50.0,0.0,0.22452020962793826,0.22452020962793826,0.0,1
50.0,0.0,1.5020859735133636,1.5020859735133636,0.0,1
50.0,0.0,0.07310360532032471,0.07310360532032471,0.0,1
50.0,0.0,4.7496,4.7496,0.0,1
50.0,0.0,0.07833,0.07833,0.0,1
50.0,0.0,4.7238,4.7238,0.0,1
50.0,0.0,0.2,0.2,0.0,0
50.0,0.0,0.10478,0.10478,0.0,1
50.0,0.0,0.36564,0.36564,0.0,1
50.0,0.0,1.78576,1.78576,0.0,1
50.0,0.0,1.402329995413487,1.402329995413487,0.0,1
50.0,0.0,0.07938721294979398,0.07938721294979398,0.0,1
50.0,0.0,0.07353019950263075,0.07353019950263075,0.0,1
50.0,0.0,0.07989,0.07989,0.0,1
50.0,0.0,1.5028682426822926,1.5028682426822926,0.0,1
50.0,0.0,1.5489,1.5489,0.0,0
50.0,0.0,1.382246832535784,1.382246832535784,0.0,1
50.0,0.0,0.07622108180884277,0.07622108180884277,0.0,1
50.0,0.0,0.3407204951844417,0.3407204951844417,0.0,1
50.0,0.0,0.10671316239995737,0.10671316239995737,0.0,1
50.0,0.0,0.039614,0.039614,0.0,1
50.0,0.0,12.026257817031164,12.026257817031164,0.0,1
50.0,0.0,0.024016040100400947,0.024016040100400947,0.0,1
50.0,0.0,3.455091955057581e-06,3.455091955057581e-06,0.0,1
50.0,0.0,0.09918233578065466,0.09918233578065466,0.0,1
50.0,0.0,0.43509774447443117,0.43509774447443117,0.0,1
50.0,0.0,0.18165,0.18165,0.0,0
50.0,0.0,4.1045,4.1045,0.0,0
50.0,0.0,0.060414,0.060414,0.0,1
50.0,0.0,1.5967,1.5967,0.0,1
50.0,0.0,108.29,108.29,0.0,1
50.0,0.0,0.32343,0.32343,0.0,1
50.0,0.0,0.062291,0.062291,0.0,1
50.0,0.0,0.17585438983970417,0.17585438983970417,0.0,1
50.0,0.0,0.06082671080918695,0.06082671080918695,0.0,1
50.0,0.0,0.18071839672548823,0.18071839672548823,0.0,1
50.0,0.0,1.2833285464643958,1.2833285464643958,0.0,1
50.0,0.0,0.038305447246323086,0.038305447246323086,0.0,1
50.0,0.0,0.01367363996780897,0.01367363996780897,0.0,1
50.0,0.0,0.03734148832234631,0.03734148832234631,0.0,1
50.0,0.0,0.060780952381508095,0.060780952381508095,0.0,1
50.0,0.0,0.06119398496906834,0.06119398496906834,0.0,1
50.0,0.0,0.005992781713674693,0.005992781713674693,0.0,1
50.0,0.0,12.928270089354704,12.928270089354704,0.0,0
50.0,0.0,0.002863253585676326,0.002863253585676326,0.0,1
50.0,0.0,0.002863253585676326,0.002863253585676326,0.0,1
50.0,0.0,0.002863253585676326,0.002863253585676326,0.0,1
50.0,0.0,0.002863253585676326,0.002863253585676326,0.0,1
50.0,0.0,0.002863253585676326,0.002863253585676326,0.0,1
50.0,0.0,0.002863253585676326,0.002863253585676326,0.0,1
50.0,0.0,0.002863253585676326,0.002863253585676326,0.0,1
50.0,0.0,0.002863253585676326,0.002863253585676326,0.0,1
50.0,0.0,0.002863253585676326,0.002863253585676326,0.0,1
50.0,0.0,0.002863253585676326,0.002863253585676326,0.0,1
50.0,0.0,0.002863253585676326,0.002863253585676326,0.0,1
50.0,0.0,0.002863253585676326,0.002863253585676326,0.0,1
50.0,0.0,0.002863253585676326,0.002863253585676326,0.0,1
50.0,0.0,0.002863253585676326,0.002863253585676326,0.0,1
50.0,0.0,0.002863253585676326,0.002863253585676326,0.0,1
50.0,0.0,0.002863253585676326,0.002863253585676326,0.0,1
50.0,0.0,0.002863253585676326,0.002863253585676326,0.0,1
50.0,0.0,0.002863253585676326,0.002863253585676326,0.0,1
50.0,0.0,0.002863253585676326,0.002863253585676326,0.0,1
50.0,0.0,0.002863253585676326,0.002863253585676326,0.0,1
50.0,0.0,0.06067660186755018,0.06067660186755018,0.0,1
50.0,0.0,0.06067660186755018,0.06067660186755018,0.0,1
50.0,0.0,0.06067660186755018,0.06067660186755018,0.0,1
50.0,0.0,0.06067660186755018,0.06067660186755018,0.0,1
50.0,0.0,0.06067660186755018,0.06067660186755018,0.0,1
50.0,0.0,0.06067660186755018,0.06067660186755018,0.0,1
50.0,0.0,0.06067660186755018,0.06067660186755018,0.0,1
50.0,0.0,0.06067660186755018,0.06067660186755018,0.0,1
50.0,0.0,0.06067660186755018,0.06067660186755018,0.0,1
50.0,0.0,0.06067660186755018,0.06067660186755018,0.0,1
50.0,0.0,0.06067660186755018,0.06067660186755018,0.0,1
50.0,0.0,0.002690204451435553,0.002690204451435553,0.0,0
50.0,0.0,0.002129,0.002129,0.0,0
50.0,0.0,0.0022155980763291262,0.0022155980763291262,0.0,1
50.0,0.0,0.059561515457748314,0.059561515457748314,0.0,1
50.0,0.0,0.2372528661451121,0.2372528661451121,0.0,1
50.0,0.0,0.2372528661451121,0.2372528661451121,0.0,1
50.0,0.0,0.2372528661451121,0.2372528661451121,0.0,1
50.0,0.0,0.2372528661451121,0.2372528661451121,0.0,1
50.0,0.0,0.2372528661451121,0.2372528661451121,0.0,1
50.0,0.0,0.2372528661451121,0.2372528661451121,0.0,1
50.0,0.0,0.2372528661451121,0.2372528661451121,0.0,1
50.0,0.0,0.2372528661451121,0.2372528661451121,0.0,1
50.0,0.0,0.2372528661451121,0.2372528661451121,0.0,1
50.0,0.0,0.2372528661451121,0.2372528661451121,0.0,1
50.0,0.0,0.2372528661451121,0.2372528661451121,0.0,1
50.0,0.0,0.2372528661451121,0.2372528661451121,0.0,1
50.0,0.0,0.2372528661451121,0.2372528661451121,0.0,1
50.0,0.0,0.2372528661451121,0.2372528661451121,0.0,1
50.0,0.0,0.2372528661451121,0.2372528661451121,0.0,1
50.0,0.0,0.2372528661451121,0.2372528661451121,0.0,1
50.0,0.0,0.2372528661451121,0.2372528661451121,0.0,1
50.0,0.0,0.2372528661451121,0.2372528661451121,0.0,1
50.0,0.0,0.2372528661451121,0.2372528661451121,0.0,1
50.0,0.0,0.2372528661451121,0.2372528661451121,0.0,1
50.0,0.0,0.2372528661451121,0.2372528661451121,0.0,1
50.0,0.0,0.2372528661451121,0.2372528661451121,0.0,1
50.0,0.0,20.7052420786506,20.7052420786506,0.0,1
50.0,0.0,0.2372528661451121,0.2372528661451121,0.0,1
50.0,0.0,0.23663999999999996,0.23663999999999996,0.0,1
50.0,0.0,0.2372528661451121,0.2372528661451121,0.0,1
50.0,0.0,0.2372528661451121,0.2372528661451121,0.0,1
50.0,0.0,139.98850588460752,139.98850588460752,0.0,0
50.0,0.0,0.23663999999999996,0.23663999999999996,0.0,1
50.0,0.0,0.2372528661451121,0.2372528661451121,0.0,1
50.0,0.0,0.2372528661451121,0.2372528661451121,0.0,1
50.0,0.0,0.2372528661451121,0.2372528661451121,0.0,1
50.0,0.0,0.2372528661451121,0.2372528661451121,0.0,1
50.0,0.0,0.08047994856567876,0.08047994856567876,0.0,1
50.0,0.0,0.2372528661451121,0.2372528661451121,0.0,1
50.0,0.0,0.2372528661451121,0.2372528661451121,0.0,1
50.0,0.0,0.2372528661451121,0.2372528661451121,0.0,1
50.0,0.0,0.2372528661451121,0.2372528661451121,0.0,1
50.0,0.0,0.2372528661451121,0.2372528661451121,0.0,1
50.0,0.0,0.2372528661451121,0.2372528661451121,0.0,1
50.0,0.0,0.00430196218848862,0.00430196218848862,0.0,1
50.0,0.0,0.2372528661451121,0.2372528661451121,0.0,1
50.0,0.0,0.2372528661451121,0.2372528661451121,0.0,1
50.0,0.0,0.23663999999999996,0.23663999999999996,0.0,1
50.0,0.0,0.2372528661451121,0.2372528661451121,0.0,1
50.0,0.0,0.2372528661451121,0.2372528661451121,0.0,1
50.0,0.0,0.025148885513113145,0.025148885513113145,0.0,1
50.0,0.0,0.2372528661451121,0.2372528661451121,0.0,1
50.0,0.0,0.2372528661451121,0.2372528661451121,0.0,1
50.0,0.0,0.007508307075341681,0.007508307075341681,0.0,1
50.0,0.0,0.2372528661451121,0.2372528661451121,0.0,1
50.0,0.0,0.2372528661451121,0.2372528661451121,0.0,1
50.0,0.0,0.2372528661451121,0.2372528661451121,0.0,1
50.0,0.0,0.23663999999999996,0.23663999999999996,0.0,1
50.0,0.0,0.2372528661451121,0.2372528661451121,0.0,1
50.0,0.0,0.23663999999999996,0.23663999999999996,0.0,1
50.0,0.0,0.2372528661451121,0.2372528661451121,0.0,1
50.0,0.0,0.2372528661451121,0.2372528661451121,0.0,1
50.0,0.0,0.2372528661451121,0.2372528661451121,0.0,1
50.0,0.0,0.23663999999999996,0.23663999999999996,0.0,1
50.0,0.0,0.2372528661451121,0.2372528661451121,0.0,1
50.0,0.0,0.0076627040962623525,0.0076627040962623525,0.0,1
50.0,0.0,0.2372528661451121,0.2372528661451121,0.0,1
50.0,0.0,0.2372528661451121,0.2372528661451121,0.0,1
50.0,0.0,0.2372528661451121,0.2372528661451121,0.0,1
50.0,0.0,0.2372528661451121,0.2372528661451121,0.0,1
50.0,0.0,0.2372528661451121,0.2372528661451121,0.0,1
50.0,0.0,0.2372528661451121,0.2372528661451121,0.0,1
50.0,0.0,0.007571,0.007571,0.0,0
50.0,0.0,0.2372528661451121,0.2372528661451121,0.0,1
50.0,0.0,0.2372528661451121,0.2372528661451121,0.0,1
50.0,0.0,0.2372528661451121,0.2372528661451121,0.0,1
50.0,0.0,0.2372528661451121,0.2372528661451121,0.0,1
50.0,0.0,0.2372528661451121,0.2372528661451121,0.0,1
50.0,0.0,0.2372528661451121,0.2372528661451121,0.0,1
50.0,0.0,0.2372528661451121,0.2372528661451121,0.0,1
50.0,0.0,0.2372528661451121,0.2372528661451121,0.0,1
50.0,0.0,0.2372528661451121,0.2372528661451121,0.0,1
50.0,0.0,0.2372528661451121,0.2372528661451121,0.0,1
50.0,0.0,0.2372528661451121,0.2372528661451121,0.0,1
50.0,0.0,0.2372528661451121,0.2372528661451121,0.0,1
50.0,0.0,0.2372528661451121,0.2372528661451121,0.0,1
50.0,0.0,0.2372528661451121,0.2372528661451121,0.0,1
50.0,0.0,0.2372528661451121,0.2372528661451121,0.0,1
50.0,0.0,0.023504137112320043,0.023504137112320043,0.0,1
50.0,0.0,0.023504137112320043,0.023504137112320043,0.0,1
50.0,0.0,0.2372528661451121,0.2372528661451121,0.0,1
50.0,0.0,0.023504137112320043,0.023504137112320043,0.0,1
50.0,0.0,0.023504137112320043,0.023504137112320043,0.0,1
50.0,0.0,0.2372528661451121,0.2372528661451121,0.0,1
50.0,0.0,0.023504137112320043,0.023504137112320043,0.0,1
50.0,0.0,0.023504137112320043,0.023504137112320043,0.0,1
50.0,0.0,0.023504137112320043,0.023504137112320043,0.0,1
50.0,0.0,0.01603322830135822,0.01603322830135822,0.0,1
50.0,0.0,0.2372528661451121,0.2372528661451121,0.0,1
50.0,0.0,0.023504137112320043,0.023504137112320043,0.0,1
50.0,0.0,0.023504137112320043,0.023504137112320043,0.0,1
50.0,0.0,0.2372528661451121,0.2372528661451121,0.0,1
50.0,0.0,0.2372528661451121,0.2372528661451121,0.0,1
50.0,0.0,0.2372528661451121,0.2372528661451121,0.0,1
50.0,0.0,0.2372528661451121,0.2372528661451121,0.0,1
50.0,0.0,0.023504137112320043,0.023504137112320043,0.0,1
50.0,0.0,0.2372528661451121,0.2372528661451121,0.0,1
50.0,0.0,0.2372528661451121,0.2372528661451121,0.0,1
50.0,0.0,0.023504137112320043,0.023504137112320043,0.0,1
50.0,0.0,0.2372528661451121,0.2372528661451121,0.0,1
50.0,0.0,0.023504137112320043,0.023504137112320043,0.0,1
50.0,0.0,0.023504137112320043,0.023504137112320043,0.0,1
50.0,0.0,0.2372528661451121,0.2372528661451121,0.0,1
50.0,0.0,0.023504137112320043,0.023504137112320043,0.0,1
50.0,0.0,0.023504137112320043,0.023504137112320043,0.0,1
50.0,0.0,0.2372528661451121,0.2372528661451121,0.0,1
50.0,0.0,0.2372528661451121,0.2372528661451121,0.0,1
50.0,0.0,0.2372528661451121,0.2372528661451121,0.0,1
50.0,0.0,0.2372528661451121,0.2372528661451121,0.0,1
50.0,0.0,0.2372528661451121,0.2372528661451121,0.0,1
50.0,0.0,0.2372528661451121,0.2372528661451121,0.0,1
50.0,0.0,0.0679812280109913,0.0679812280109913,0.0,1
50.0,0.0,0.073475,0.073475,0.0,0
50.0,0.0,0.0679812280109913,0.0679812280109913,0.0,1
50.0,0.0,0.2372457240999792,0.2372457240999792,0.0,1
50.0,0.0,0.3140375502774118,0.3140375502774118,0.0,1
50.0,0.0,0.023503804316609336,0.023503804316609336,0.0,1
50.0,0.0,0.023503804316609336,0.023503804316609336,0.0,1
50.0,0.0,0.023503804316609336,0.023503804316609336,0.0,1
50.0,0.0,0.0747858019249062,0.0747858019249062,0.0,1
50.0,0.0,0.023503804316609336,0.023503804316609336,0.0,1
50.0,0.0,0.023503804316609336,0.023503804316609336,0.0,1
50.0,0.0,0.008854732103249314,0.008854732103249314,0.0,1
50.0,0.0,0.023503804316609336,0.023503804316609336,0.0,1
50.0,0.0,0.023503804316609336,0.023503804316609336,0.0,1
50.0,0.0,0.023503804316609336,0.023503804316609336,0.0,1
50.0,0.0,0.011610672255353347,0.011610672255353347,0.0,1
50.0,0.0,0.023503804316609336,0.023503804316609336,0.0,1
50.0,0.0,0.023503804316609336,0.023503804316609336,0.0,1
50.0,0.0,0.023503804316609336,0.023503804316609336,0.0,1
50.0,0.0,0.023503804316609336,0.023503804316609336,0.0,1
50.0,0.0,0.023503804316609336,0.023503804316609336,0.0,1
50.0,0.0,0.023503804316609336,0.023503804316609336,0.0,1
50.0,0.0,0.023503804316609336,0.023503804316609336,0.0,1
50.0,0.0,0.008933067566432213,0.008933067566432213,0.0,0
50.0,0.0,0.0761110502982869,0.0761110502982869,0.0,1
50.0,0.0,0.003737918673056813,0.003737918673056813,0.0,1
50.0,0.0,1.6224449242747983,1.6224449242747983,0.0,1
50.0,0.0,0.0074277195502821655,0.0074277195502821655,0.0,1
50.0,0.0,0.32572729767184744,0.32572729767184744,0.0,0
50.0,0.0,0.010766,0.010766,0.0,0
50.0,0.0,0.020579,0.020579,0.0,0
50.0,0.0,2.744193052140046,2.744193052140046,0.0,1
50.0,0.0,1.5826497734485943,1.5826497734485943,0.0,1
50.0,0.0,0.006222779225992927,0.006222779225992927,0.0,1
50.0,0.0,0.008657763140561847,0.008657763140561847,0.0,1
50.0,0.0,0.16689903464738112,0.16689903464738112,0.0,0
50.0,0.0,0.20032160903323135,0.20032160903323135,0.0,1
50.0,0.0,0.11408521304413294,0.11408521304413294,0.0,1
50.0,0.0,0.061436149910254124,0.061436149910254124,0.0,1
50.0,0.0,0.0103999,0.0103999,0.0,1
50.0,0.0,0.21643171723643964,0.21643171723643964,0.0,0
50.0,0.0,4.605308281903544,4.605308281903544,0.0,0
50.0,0.0,165.8516964727957,165.8516964727957,0.0,0
50.0,0.0,0.3422,0.3422,0.0,1
50.0,0.0,0.1617586119154146,0.1617586119154146,0.0,1
50.0,0.0,1.61894,1.61894,0.0,1
50.0,0.0,0.38625687129170044,0.38625687129170044,0.0,0
50.0,0.0,0.007296150936937214,0.007296150936937214,0.0,0
50.0,0.0,0.39780199185507115,0.39780199185507115,0.0,0
50.0,0.0,1.1965311774142806,1.1965311774142806,0.0,1
50.0,0.0,0.007192359347929812,0.007192359347929812,0.0,0
50.0,0.0,0.029748861054893865,0.029748861054893865,0.0,0
50.0,0.0,0.021399933272464044,0.021399933272464044,0.0,0
50.0,0.0,1.35306,1.35306,0.0,0
50.0,0.0,1.3225707512071592,1.3225707512071592,0.0,0
50.0,0.0,0.11631958162800968,0.11631958162800968,0.0,0
50.0,0.0,3.034087730823856,3.034087730823856,0.0,0
50.0,0.0,0.0023063551420720503,0.0023063551420720503,0.0,1
50.0,0.0,0.2621117469513482,0.2621117469513482,0.0,0
50.0,0.0,0.0489978519057679,0.0489978519057679,0.0,0
50.0,0.0,0.1276844718574514,0.1276844718574514,0.0,0
50.0,0.0,0.012626749091018324,0.012626749091018324,0.0,0
50.0,0.0,0.0489978519057679,0.0489978519057679,0.0,0
50.0,0.0,1.8520300754497607,1.8520300754497607,0.0,1
50.0,0.0,0.08714786968321257,0.08714786968321257,0.0,1
50.0,0.0,0.010084753500309372,0.010084753500309372,0.0,1
50.0,0.0,45.60081275833452,45.60081275833452,0.0,1
50.0,0.0,0.01805717151478207,0.01805717151478207,0.0,1
50.0,0.0,0.19975040350501802,0.19975040350501802,0.0,0
50.0,0.0,0.1693162643803707,0.1693162643803707,0.0,1
50.0,0.0,0.0039707,0.0039707,0.0,1
50.0,0.0,0.7718295743261682,0.7718295743261682,0.0,1
50.0,0.0,0.00030988474224368174,0.00030988474224368174,0.0,1
50.0,0.0,0.3562907269500042,0.3562907269500042,0.0,1
50.0,0.0,0.7139849627823334,0.7139849627823334,0.0,1
50.0,0.0,7.63,7.63,0.0,0
50.0,0.0,0.021918,0.021918,0.0,1
50.0,0.0,0.0039925,0.0039925,0.0,1
50.0,0.0,109.70213562319624,109.70213562319624,0.0,0
50.0,0.0,0.008806576111473377,0.008806576111473377,0.0,1
50.0,0.0,0.034806419258590585,0.034806419258590585,0.0,1
50.0,0.0,1.0733,1.0733,0.0,1
50.0,0.0,1.9276170239732082,1.9276170239732082,0.0,0
50.0,0.0,0.25456659786594815,0.25456659786594815,0.0,0
50.0,0.0,137.72,137.72,0.0,1
50.0,0.0,0.035491,0.035491,0.0,1
50.0,0.0,1.13,1.13,0.0,0
50.0,0.0,0.008429466294386508,0.008429466294386508,0.0,1
50.0,0.0,1.3109385179805648,1.3109385179805648,0.0,0
50.0,0.0,0.008370927318296537,0.008370927318296537,0.0,1
50.0,0.0,0.008284788342730838,0.008284788342730838,0.0,1
50.0,0.0,1.1188,1.1188,0.0,1
50.0,0.0,0.008767796270313643,0.008767796270313643,0.0,1
50.0,0.0,0.08314944834909667,0.08314944834909667,0.0,0
50.0,0.0,1.6402,1.6402,0.0,1
50.0,0.0,135.6,135.6,0.0,0
50.0,0.0,0.0020833502605542,0.0020833502605542,0.0,1
50.0,0.0,0.007926916377403323,0.007926916377403323,0.0,1
50.0,0.0,0.007657392257660025,0.007657392257660025,0.0,1
50.0,0.0,0.21617,0.21617,0.0,1
50.0,0.0,7.36,7.36,0.0,1
50.0,0.0,0.021012,0.021012,0.0,1
50.0,0.0,0.0064766,0.0064766,0.0,0
50.0,0.0,1.19765,1.19765,0.0,1
50.0,0.0,73.05,73.05,0.0,1
50.0,0.0,7.61,7.61,0.0,1
50.0,0.0,1.2878538083145097,1.2878538083145097,0.0,1
50.0,0.0,0.22881530117081675,0.22881530117081675,0.0,1
50.0,0.0,0.14344862156994928,0.14344862156994928,0.0,1
50.0,0.0,0.23398467480526716,0.23398467480526716,0.0,1
50.0,0.0,105.19716861339725,105.19716861339725,0.0,1
50.0,0.0,1.2136359241576373,1.2136359241576373,0.0,1
50.0,0.0,469.5891270794835,469.5891270794835,0.0,1
50.0,0.0,2.964534643991296,2.964534643991296,0.0,1
