market,score,rsi_at_entry,macd_at_entry,sma_short,sma_long,volatility,volume_24h,dca_buys,invested_eur,hold_hours,max_profit_pct,regime_aggressive,regime_defensive,return_pct,label
LINK-EUR,0.0,50.0,0.0,0.0,0.0,0.0,0.0,0,0.0,0,0.0,0,0,-15.0841,0
INJ-EUR,0.0,50.0,0.0,0.0,0.0,0.0,0.0,0,0.0,0,0.0,0,0,-3.6945,0
ARB-EUR,0.0,50.0,0.0,0.0,0.0,0.0,0.0,0,0.0,0,0.0,0,0,-3.4657,0
UNI-EUR,0.0,50.0,0.0,0.0,0.0,0.0,0.0,0,0.0,0,0.0,0,0,1.0485,1
SNX-EUR,0.0,50.0,0.0,0.0,0.0,0.0,0.0,0,0.0,0,0.0,0,0,0.9778,1
DOT-EUR,0.0,50.0,0.0,0.0,0.0,0.0,0.0,0,0.0,0,0.0,0,0,1.3305,1
UNI-EUR,0.0,50.0,0.0,0.0,0.0,0.0,0.0,0,0.0,0,0.0,0,0,3.6164,1
CHZ-EUR,0.0,50.0,0.0,0.0,0.0,0.0,0.0,0,0.0,0,0.0,0,0,-4.4444,0
SAND-EUR,0.0,50.0,0.0,0.0,0.0,0.0,0.0,0,0.0,0,0.0,0,0,-3.8479,0
SNX-EUR,0.0,50.0,0.0,0.0,0.0,0.0,0.0,0,0.0,0,0.0,0,0,-8.5273,0
ADA-EUR,0.0,50.0,0.0,0.0,0.0,0.0,0.0,0,0.0,0,0.0,0,0,-3.099,0
RUNE-EUR,0.0,50.0,0.0,0.0,0.0,0.0,0.0,0,0.0,0,0.0,0,0,2.1486,1
CAKE-EUR,0.0,50.0,0.0,0.0,0.0,0.0,0.0,0,0.0,0,0.0,0,0,0.5915,1
CAKE-EUR,0.0,50.0,0.0,0.0,0.0,0.0,0.0,0,0.0,0,0.0,0,0,-10.2104,0
OP-EUR,0.0,50.0,0.0,0.0,0.0,0.0,0.0,0,0.0,0,0.0,0,0,-3.536,0
DOT-EUR,0.0,50.0,0.0,0.0,0.0,0.0,0.0,0,0.0,0,0.0,0,0,-3.2808,0
LINK-EUR,0.0,50.0,0.0,0.0,0.0,0.0,0.0,0,0.0,0,0.0,0,0,-20.4769,0
SOL-EUR,0.0,50.0,0.0,0.0,0.0,0.0,0.0,0,0.0,0,0.0,0,0,-28.2633,0
OP-EUR,0.0,50.0,0.0,0.0,0.0,0.0,0.0,0,0.0,0,0.0,0,0,0.2541,1
SOL-EUR,0.0,50.0,0.0,0.0,0.0,0.0,0.0,0,0.0,0,0.0,0,0,-26.0621,0
ATOM-EUR,0.0,50.0,0.0,0.0,0.0,0.0,0.0,0,0.0,0,0.0,0,0,-18.0636,0
ATOM-EUR,0.0,50.0,0.0,0.0,0.0,0.0,0.0,0,0.0,0,0.0,0,0,-13.5438,0
UNI-EUR,0.0,50.0,0.0,0.0,0.0,0.0,0.0,0,0.0,0,0.0,0,0,0.6208,1
DOT-EUR,0.0,50.0,0.0,0.0,0.0,0.0,0.0,0,0.0,0,0.0,0,0,3.894,1
ATOM-EUR,0.0,50.0,0.0,0.0,0.0,0.0,0.0,0,0.0,0,0.0,0,0,-8.4098,0
AVAX-EUR,0.0,50.0,0.0,0.0,0.0,0.0,0.0,0,0.0,0,0.0,0,0,-8.2053,0
ARB-EUR,0.0,50.0,0.0,0.0,0.0,0.0,0.0,0,0.0,0,0.0,0,0,1.928,1
UNI-EUR,0.0,50.0,0.0,0.0,0.0,0.0,0.0,0,0.0,0,0.0,0,0,0.9823,1
INJ-EUR,0.0,50.0,0.0,0.0,0.0,0.0,0.0,0,0.0,0,0.0,0,0,0.5566,1
DOT-EUR,0.0,50.0,0.0,0.0,0.0,0.0,0.0,0,0.0,0,0.0,0,0,-2.682,0
LINK-EUR,0.0,50.0,0.0,0.0,0.0,0.0,0.0,0,0.0,0,0.0,0,0,-16.6479,0
LINK-EUR,0.0,50.0,0.0,0.0,0.0,0.0,0.0,0,0.0,0,0.0,0,0,-15.0841,0
INJ-EUR,0.0,50.0,0.0,0.0,0.0,0.0,0.0,0,0.0,0,0.0,0,0,-3.6945,0
ARB-EUR,0.0,50.0,0.0,0.0,0.0,0.0,0.0,0,0.0,0,0.0,0,0,-3.4657,0
UNI-EUR,0.0,50.0,0.0,0.0,0.0,0.0,0.0,0,0.0,0,0.0,0,0,1.0485,1
SNX-EUR,0.0,50.0,0.0,0.0,0.0,0.0,0.0,0,0.0,0,0.0,0,0,0.9778,1
DOT-EUR,0.0,50.0,0.0,0.0,0.0,0.0,0.0,0,0.0,0,0.0,0,0,1.3305,1
UNI-EUR,0.0,50.0,0.0,0.0,0.0,0.0,0.0,0,0.0,0,0.0,0,0,3.6164,1
CHZ-EUR,0.0,50.0,0.0,0.0,0.0,0.0,0.0,0,0.0,0,0.0,0,0,-4.4444,0
SAND-EUR,0.0,50.0,0.0,0.0,0.0,0.0,0.0,0,0.0,0,0.0,0,0,-3.8479,0
SNX-EUR,0.0,50.0,0.0,0.0,0.0,0.0,0.0,0,0.0,0,0.0,0,0,-8.5273,0
ADA-EUR,0.0,50.0,0.0,0.0,0.0,0.0,0.0,0,0.0,0,0.0,0,0,-3.099,0
RUNE-EUR,0.0,50.0,0.0,0.0,0.0,0.0,0.0,0,0.0,0,0.0,0,0,2.1486,1
CAKE-EUR,0.0,50.0,0.0,0.0,0.0,0.0,0.0,0,0.0,0,0.0,0,0,0.5915,1
NEWT-EUR,0.0,50.0,0.0,0.0,0.0,0.0,0.0,0,0.0,0,0.0,0,0,-1.2503,0
FLR-EUR,0.0,50.0,0.0,0.0,0.0,0.0,0.0,0,0.0,0,0.0,0,0,-0.3437,0
IMX-EUR,0.0,50.0,0.0,0.0,0.0,0.0,0.0,0,0.0,0,0.0,0,0,-0.4427,0
KAITO-EUR,0.0,50.0,0.0,0.0,0.0,0.0,0.0,0,0.0,0,0.0,0,0,2.297,1
MIRA-EUR,0.0,50.0,0.0,0.0,0.0,0.0,0.0,0,0.0,0,0.0,0,0,1.2221,1
PRIME-EUR,0.0,50.0,0.0,0.0,0.0,0.0,0.0,0,0.0,0,0.0,0,0,-1.1253,0
NOM-EUR,0.0,50.0,0.0,0.0,0.0,0.0,0.0,0,0.0,0,0.0,0,0,1.9435,1
AIXBT-EUR,0.0,50.0,0.0,0.0,0.0,0.0,0.0,0,0.0,0,0.0,0,0,-0.7933,0
XPL-EUR,0.0,50.0,0.0,0.0,0.0,0.0,0.0,0,0.0,0,0.0,0,0,2.5939,1
CELO-EUR,0.0,50.0,0.0,0.0,0.0,0.0,0.0,0,0.0,0,0.0,0,0,6.9321,1
AMP-EUR,0.0,50.0,0.0,0.0,0.0,0.0,0.0,0,0.0,0,0.0,0,0,5.0058,1
THE-EUR,0.0,50.0,0.0,0.0,0.0,0.0,0.0,0,0.0,0,0.0,0,0,2.3622,1
SUPER-EUR,0.0,50.0,0.0,0.0,0.0,0.0,0.0,0,0.0,0,0.0,0,0,-0.2988,0
IMX-EUR,0.0,50.0,0.0,0.0,0.0,0.0,0.0,0,0.0,0,0.0,0,0,-0.3311,0
DEEP-EUR,0.0,50.0,0.0,0.0,0.0,0.0,0.0,0,0.0,0,0.0,0,0,0.8868,1
EGLD-EUR,0.0,50.0,0.0,0.0,0.0,0.0,0.0,0,0.0,0,0.0,0,0,3.5479,1
NOM-EUR,0.0,50.0,0.0,0.0,0.0,0.0,0.0,0,0.0,0,0.0,0,0,-0.2038,0
MANA-EUR,0.0,50.0,0.0,0.0,0.0,0.0,0.0,0,0.0,0,0.0,0,0,5.3782,1
SAND-EUR,0.0,50.0,0.0,0.0,0.0,0.0,0.0,0,0.0,0,0.0,0,0,0.6777,1
VANRY-EUR,0.0,50.0,0.0,0.0,0.0,0.0,0.0,0,0.0,0,0.0,0,0,1.8112,1
REZ-EUR,0.0,50.0,0.0,0.0,0.0,0.0,0.0,0,0.0,0,0.0,0,0,-0.3307,0
AMP-EUR,0.0,50.0,0.0,0.0,0.0,0.0,0.0,0,0.0,0,0.0,0,0,4.2334,1
PENDLE-EUR,0.0,50.0,0.0,0.0,0.0,0.0,0.0,0,0.0,0,0.0,0,0,-0.9127,0
STX-EUR,0.0,50.0,0.0,0.0,0.0,0.0,0.0,0,0.0,0,0.0,0,0,0.2199,0
TWT-EUR,0.0,50.0,0.0,0.0,0.0,0.0,0.0,0,0.0,0,0.0,0,0,-0.8602,0
POPCAT-EUR,0.0,50.0,0.0,0.0,0.0,0.0,0.0,0,0.0,0,0.0,0,0,-0.4876,0
XPL-EUR,0.0,50.0,0.0,0.0,0.0,0.0,0.0,0,0.0,0,0.0,0,0,1.3994,1
CROSS-EUR,0.0,50.0,0.0,0.0,0.0,0.0,0.0,0,0.0,0,0.0,0,0,-1.4861,0
F-EUR,0.0,50.0,0.0,0.0,0.0,0.0,0.0,0,0.0,0,0.0,0,0,0.2699,0
NOM-EUR,0.0,50.0,0.0,0.0,0.0,0.0,0.0,0,0.0,0,0.0,0,0,2.1567,1
GAS-EUR,0.0,50.0,0.0,0.0,0.0,0.0,0.0,0,0.0,0,0.0,0,0,6.8662,1
PROVE-EUR,0.0,50.0,0.0,0.0,0.0,0.0,0.0,0,0.0,0,0.0,0,0,-0.1741,0
OPEN-EUR,0.0,50.0,0.0,0.0,0.0,0.0,0.0,0,0.0,0,0.0,0,0,7.2765,1
F-EUR,0.0,50.0,0.0,0.0,0.0,0.0,0.0,0,0.0,0,0.0,0,0,-3.0787,0
DIA-EUR,0.0,50.0,0.0,0.0,0.0,0.0,0.0,0,0.0,0,0.0,0,0,0.7961,1
IKA-EUR,0.0,50.0,0.0,0.0,0.0,0.0,0.0,0,0.0,0,0.0,0,0,1.0039,1
XTZ-EUR,0.0,50.0,0.0,0.0,0.0,0.0,0.0,0,0.0,0,0.0,0,0,2.0429,1
CROSS-EUR,0.0,50.0,0.0,0.0,0.0,0.0,0.0,0,0.0,0,0.0,0,0,-1.5963,0
FLR-EUR,0.0,50.0,0.0,0.0,0.0,0.0,0.0,0,0.0,0,0.0,0,0,-1.5824,0
ATOM-EUR,0.0,50.0,0.0,0.0,0.0,0.0,0.0,0,0.0,0,0.0,0,0,-0.4588,0
ARB-EUR,0.0,50.0,0.0,0.0,0.0,0.0,0.0,0,0.0,0,0.0,0,0,-0.4257,0
WCT-EUR,0.0,50.0,0.0,0.0,0.0,0.0,0.0,0,0.0,0,0.0,0,0,2.6056,1
BAT-EUR,0.0,50.0,0.0,0.0,0.0,0.0,0.0,0,0.0,0,0.0,0,0,5.3052,1
SAND-EUR,0.0,50.0,0.0,0.0,0.0,0.0,0.0,0,0.0,0,0.0,0,0,0.751,1
AXS-EUR,0.0,50.0,0.0,0.0,0.0,0.0,0.0,0,0.0,0,0.0,0,0,-0.9193,0
0G-EUR,0.0,50.0,0.0,0.0,0.0,0.0,0.0,0,0.0,0,0.0,0,0,-1.2871,0
CROSS-EUR,0.0,50.0,0.0,0.0,0.0,0.0,0.0,0,0.0,0,0.0,0,0,-0.9154,0
POPCAT-EUR,0.0,50.0,0.0,0.0,0.0,0.0,0.0,0,0.0,0,0.0,0,0,4.4899,1
XRP-USDC,0.0,50.0,0.0,0.0,0.0,0.0,0.0,0,0.0,0,0.0,0,0,-0.4571,0
CHILLGUY-EUR,0.0,50.0,0.0,0.0,0.0,0.0,0.0,0,0.0,0,0.0,0,0,-0.9939,0
PEAQ-EUR,0.0,50.0,0.0,0.0,0.0,0.0,0.0,0,0.0,0,0.0,0,0,-0.9978,0
MIRA-EUR,0.0,50.0,0.0,0.0,0.0,0.0,0.0,0,0.0,0,0.0,0,0,-1.2069,0
OM-EUR,0.0,50.0,0.0,0.0,0.0,0.0,0.0,0,0.0,0,0.0,0,0,-0.6194,0
XVG-EUR,0.0,50.0,0.0,0.0,0.0,0.0,0.0,0,0.0,0,0.0,0,0,-0.1999,0
AIXBT-EUR,0.0,50.0,0.0,0.0,0.0,0.0,0.0,0,0.0,0,0.0,0,0,0.8267,1
ALPHA-EUR,0.0,50.0,0.0,0.0,0.0,0.0,0.0,0,0.0,0,0.0,0,0,-0.9494,0
PHA-EUR,0.0,50.0,0.0,0.0,0.0,0.0,0.0,0,0.0,0,0.0,0,0,-0.7529,0
PORTAL-EUR,0.0,50.0,0.0,0.0,0.0,0.0,0.0,0,0.0,0,0.0,0,0,5.2961,1
LUNA2-EUR,0.0,50.0,0.0,0.0,0.0,0.0,0.0,0,0.0,0,0.0,0,0,-1.287,0
MIRA-EUR,0.0,50.0,0.0,0.0,0.0,0.0,0.0,0,0.0,0,0.0,0,0,-0.1795,0
ME-EUR,0.0,50.0,0.0,0.0,0.0,0.0,0.0,0,0.0,0,0.0,0,0,7.837,1
MANTA-EUR,0.0,50.0,0.0,0.0,0.0,0.0,0.0,0,0.0,0,0.0,0,0,1.8029,1
NEIRO-EUR,0.0,50.0,0.0,0.0,0.0,0.0,0.0,0,0.0,0,0.0,0,0,0.6704,1
HUMA-EUR,0.0,50.0,0.0,0.0,0.0,0.0,0.0,0,0.0,0,0.0,0,0,-3.6818,0
OM-EUR,0.0,50.0,0.0,0.0,0.0,0.0,0.0,0,0.0,0,0.0,0,0,-0.644,0
ONE-EUR,0.0,50.0,0.0,0.0,0.0,0.0,0.0,0,0.0,0,0.0,0,0,4.6851,1
NEWT-EUR,0.0,50.0,0.0,0.0,0.0,0.0,0.0,0,0.0,0,0.0,0,0,-2.0461,0
VET-EUR,0.0,50.0,0.0,0.0,0.0,0.0,0.0,0,0.0,0,0.0,0,0,-0.8967,0
SNX-EUR,0.0,50.0,0.0,0.0,0.0,0.0,0.0,0,0.0,0,0.0,0,0,1.214,1
INJ-EUR,0.0,50.0,0.0,0.0,0.0,0.0,0.0,0,0.0,0,0.0,0,0,0.6399,1
SOL-EUR,0.0,50.0,0.0,0.0,0.0,0.0,0.0,0,0.0,0,0.0,0,0,-2.5168,0
ATOM-EUR,0.0,50.0,0.0,0.0,0.0,0.0,0.0,0,0.0,0,0.0,0,0,-3.9997,0
SNX-EUR,0.0,50.0,0.0,0.0,0.0,0.0,0.0,0,0.0,0,0.0,0,0,-4.8289,0
INJ-EUR,0.0,50.0,0.0,0.0,0.0,0.0,0.0,0,0.0,0,0.0,0,0,-3.5892,0
OP-EUR,0.0,50.0,0.0,0.0,0.0,0.0,0.0,0,0.0,0,0.0,0,0,-8.3162,0
INJ-EUR,0.0,50.0,0.0,0.0,0.0,0.0,0.0,0,0.0,0,0.0,0,0,0.5663,1
ARB-EUR,0.0,50.0,0.0,0.0,0.0,0.0,0.0,0,0.0,0,0.0,0,0,0.7659,1
INJ-EUR,0.0,50.0,0.0,0.0,0.0,0.0,0.0,0,0.0,0,0.0,0,0,-2.501,0
ATOM-EUR,0.0,50.0,0.0,0.0,0.0,0.0,0.0,0,0.0,0,0.0,0,0,-4.4543,0
LINK-EUR,0.0,50.0,0.0,0.0,0.0,0.0,0.0,0,0.0,0,0.0,0,0,-12.6043,0
AVAX-EUR,0.0,50.0,0.0,0.0,0.0,0.0,0.0,0,0.0,0,0.0,0,0,-9.3594,0
INJ-EUR,0.0,50.0,0.0,0.0,0.0,0.0,0.0,0,0.0,0,0.0,0,0,-5.9834,0
ARB-EUR,0.0,50.0,0.0,0.0,0.0,0.0,0.0,0,0.0,0,0.0,0,0,-3.5354,0
DOT-EUR,0.0,50.0,0.0,0.0,0.0,0.0,0.0,0,0.0,0,0.0,0,0,2.9852,1
SOL-EUR,0.0,50.0,0.0,0.0,0.0,0.0,0.0,0,0.0,0,0.0,0,0,-18.3891,0
OP-EUR,0.0,50.0,0.0,0.0,0.0,0.0,0.0,0,0.0,0,0.0,0,0,3.6728,1
UNI-EUR,0.0,50.0,0.0,0.0,0.0,0.0,0.0,0,0.0,0,0.0,0,0,1.0507,1
SNX-EUR,0.0,50.0,0.0,0.0,0.0,0.0,0.0,0,0.0,0,0.0,0,0,1.0208,1
OP-EUR,0.0,50.0,0.0,0.0,0.0,0.0,0.0,0,0.0,0,0.0,0,0,3.7495,1
XRP-EUR,0.0,50.0,0.0,0.0,0.0,0.0,0.0,0,0.0,0,0.0,0,0,-3.8812,0
UNI-EUR,0.0,50.0,0.0,0.0,0.0,0.0,0.0,0,0.0,0,0.0,0,0,0.3138,1
SNX-EUR,0.0,50.0,0.0,0.0,0.0,0.0,0.0,0,0.0,0,0.0,0,0,1.5437,1
NEAR-EUR,0.0,50.0,0.0,0.0,0.0,0.0,0.0,0,0.0,0,0.0,0,0,0.7126,1
DOT-EUR,0.0,50.0,0.0,0.0,0.0,0.0,0.0,0,0.0,0,0.0,0,0,0.817,1
XRP-EUR,0.0,50.0,0.0,0.0,0.0,0.0,0.0,0,0.0,0,0.0,0,0,0.8843,1
ALGO-EUR,0.0,50.0,0.0,0.0,0.0,0.0,0.0,0,0.0,0,0.0,0,0,-2.5092,0
LINK-EUR,0.0,50.0,0.0,0.0,0.0,0.0,0.0,0,0.0,0,0.0,0,0,1.4085,1
AVAX-EUR,0.0,50.0,0.0,0.0,0.0,0.0,0.0,0,0.0,0,0.0,0,0,1.9318,1
XRP-EUR,0.0,50.0,0.0,0.0,0.0,0.0,0.0,0,0.0,0,0.0,0,0,1.7565,1
ATOM-EUR,0.0,50.0,0.0,0.0,0.0,0.0,0.0,0,0.0,0,0.0,0,0,-5.7656,0
LINK-EUR,0.0,50.0,0.0,0.0,0.0,0.0,0.0,0,0.0,0,0.0,0,0,0.8493,1
NEAR-EUR,0.0,50.0,0.0,0.0,0.0,0.0,0.0,0,0.0,0,0.0,0,0,1.123,1
XRP-EUR,0.0,50.0,0.0,0.0,0.0,0.0,0.0,0,0.0,0,0.0,0,0,2.7646,1
DOT-EUR,0.0,50.0,0.0,0.0,0.0,0.0,0.0,0,0.0,0,0.0,0,0,1.2102,1
LINK-EUR,0.0,50.0,0.0,0.0,0.0,0.0,0.0,0,0.0,0,0.0,0,0,-2.544,0
NEAR-EUR,0.0,50.0,0.0,0.0,0.0,0.0,0.0,0,0.0,0,0.0,0,0,-2.8348,0
SOL-EUR,0.0,50.0,0.0,0.0,0.0,0.0,0.0,0,0.0,0,0.0,0,0,-2.6391,0
XRP-EUR,0.0,50.0,0.0,0.0,0.0,0.0,0.0,0,0.0,0,0.0,0,0,-2.5204,0
XRP-EUR,0.0,50.0,0.0,0.0,0.0,0.0,0.0,0,0.0,0,0.0,0,0,1.1516,1
DOT-EUR,0.0,50.0,0.0,0.0,0.0,0.0,0.0,0,0.0,0,0.0,0,0,-2.6384,0
AVAX-EUR,0.0,50.0,0.0,0.0,0.0,0.0,0.0,0,0.0,0,0.0,0,0,-2.5603,0
ALGO-EUR,0.0,50.0,0.0,0.0,0.0,0.0,0.0,0,0.0,0,0.0,0,0,-2.6138,0
SOL-EUR,0.0,50.0,0.0,0.0,0.0,0.0,0.0,0,0.0,0,0.0,0,0,1.6696,1
ALGO-EUR,0.0,50.0,0.0,0.0,0.0,0.0,0.0,0,0.0,0,0.0,0,0,0.9852,1
ATOM-EUR,0.0,50.0,0.0,0.0,0.0,0.0,0.0,0,0.0,0,0.0,0,0,-2.5614,0
NEAR-EUR,0.0,50.0,0.0,0.0,0.0,0.0,0.0,0,0.0,0,0.0,0,0,-2.6822,0
XRP-EUR,0.0,50.0,0.0,0.0,0.0,0.0,0.0,0,0.0,0,0.0,0,0,-2.9646,0
UNI-EUR,0.0,50.0,0.0,0.0,0.0,0.0,0.0,0,0.0,0,0.0,0,0,-5.7989,0
OP-EUR,0.0,50.0,0.0,0.0,0.0,0.0,0.0,0,0.0,0,0.0,0,0,-4.4092,0
LINK-EUR,0.0,50.0,0.0,0.0,0.0,0.0,0.0,0,0.0,0,0.0,0,0,-3.46,0
XRP-EUR,0.0,50.0,0.0,0.0,0.0,0.0,0.0,0,0.0,0,0.0,0,0,-2.5652,0
DOT-EUR,0.0,50.0,0.0,0.0,0.0,0.0,0.0,0,0.0,0,0.0,0,0,-2.9706,0
NEAR-EUR,0.0,50.0,0.0,0.0,0.0,0.0,0.0,0,0.0,0,0.0,0,0,-2.8391,0
ALGO-EUR,0.0,50.0,0.0,0.0,0.0,0.0,0.0,0,0.0,0,0.0,0,0,-2.5243,0
ATOM-EUR,0.0,50.0,0.0,0.0,0.0,0.0,0.0,0,0.0,0,0.0,0,0,-4.0102,0
SOL-EUR,0.0,50.0,0.0,0.0,0.0,0.0,0.0,0,0.0,0,0.0,0,0,1.9571,1
DOT-EUR,0.0,50.0,0.0,0.0,0.0,0.0,0.0,0,0.0,0,0.0,0,0,2.3842,1
UNI-EUR,0.0,50.0,0.0,0.0,0.0,0.0,0.0,0,0.0,0,0.0,0,0,2.0288,1
AVAX-EUR,0.0,50.0,0.0,0.0,0.0,0.0,0.0,0,0.0,0,0.0,0,0,1.5265,1
XRP-EUR,0.0,50.0,0.0,0.0,0.0,0.0,0.0,0,0.0,0,0.0,0,0,1.5274,1
OP-EUR,0.0,50.0,0.0,0.0,0.0,0.0,0.0,0,0.0,0,0.0,0,0,3.9228,1
XRP-EUR,0.0,50.0,0.0,0.0,0.0,0.0,0.0,0,0.0,0,0.0,0,0,2.6044,1
DOT-EUR,0.0,50.0,0.0,0.0,0.0,0.0,0.0,0,0.0,0,0.0,0,0,2.4193,1
ALGO-EUR,0.0,50.0,0.0,0.0,0.0,0.0,0.0,0,0.0,0,0.0,0,0,1.129,1
LDO-EUR,0.0,50.0,0.0,0.0,0.0,0.0,0.0,0,0.0,0,0.0,0,0,1.5093,1
HEI-EUR,0.0,50.0,0.0,0.0,0.0,0.0,0.0,0,0.0,0,0.0,0,0,1.2892,1
BTC-EUR,0.0,50.0,0.0,0.0,0.0,0.0,0.0,0,0.0,0,0.0,0,0,-12.6153,0
ETH-EUR,0.0,50.0,0.0,0.0,0.0,0.0,0.0,0,0.0,0,0.0,0,0,-20.6951,0
LINK-EUR,0.0,50.0,0.0,0.0,0.0,0.0,0.0,0,0.0,0,0.0,0,0,3.5751,1
XRP-EUR,0.0,50.0,0.0,0.0,0.0,0.0,0.0,0,0.0,0,0.0,0,0,-4.7008,0
FET-EUR,0.0,50.0,0.0,0.0,0.0,0.0,0.0,0,0.0,0,0.0,0,0,-4.1981,0
AVAX-EUR,0.0,50.0,0.0,0.0,0.0,0.0,0.0,0,0.0,0,0.0,0,0,2.4269,1
BTC-EUR,0.0,50.0,0.0,0.0,0.0,0.0,0.0,0,0.0,0,0.0,0,0,-13.0036,0
ADA-EUR,0.0,50.0,0.0,0.0,0.0,0.0,0.0,0,0.0,0,0.0,0,0,-11.0808,0
UNI-EUR,0.0,50.0,0.0,0.0,0.0,0.0,0.0,0,0.0,0,0.0,0,0,-5.7664,0
UNI-EUR,0.0,50.0,0.0,0.0,0.0,0.0,0.0,0,0.0,0,0.0,0,0,-0.0767,0
XRP-EUR,0.0,50.0,0.0,0.0,0.0,0.0,0.0,0,0.0,0,0.0,0,0,4.5157,1
DOT-EUR,0.0,50.0,0.0,0.0,0.0,0.0,0.0,0,0.0,0,0.0,0,0,12.3338,1
HEI-EUR,0.0,50.0,0.0,0.0,0.0,0.0,0.0,0,0.0,0,0.0,0,0,0.1669,0
ENA-EUR,0.0,50.0,0.0,0.0,0.0,0.0,0.0,0,0.0,0,0.0,0,0,-59.2448,0
FET-EUR,0.0,50.0,0.0,0.0,0.0,0.0,0.0,0,0.0,0,0.0,0,0,2.2165,1
FET-EUR,0.0,50.0,0.0,0.0,0.0,0.0,0.0,0,0.0,0,0.0,0,0,0.6307,0
PEPE-EUR,0.0,50.0,0.0,0.0,0.0,0.0,0.0,0,0.0,0,0.0,0,0,1.092,1
ENA-EUR,0.0,50.0,0.0,0.0,0.0,0.0,0.0,0,0.0,0,0.0,0,0,1.1,1
APT-EUR,0.0,50.0,0.0,0.0,0.0,0.0,0.0,0,0.0,0,0.0,0,0,0.8731,1
MOODENG-EUR,0.0,50.0,0.0,0.0,0.0,0.0,0.0,0,0.0,0,0.0,0,0,5.6719,1
INJ-EUR,0.0,50.0,0.0,0.0,0.0,0.0,0.0,0,0.0,0,0.0,0,0,3.2424,1
S-EUR,0.0,50.0,0.0,0.0,0.0,0.0,0.0,0,0.0,0,0.0,0,0,4.6087,1
INJ-EUR,0.0,50.0,0.0,0.0,0.0,0.0,0.0,0,0.0,0,0.0,0,0,3.8528,1
FET-EUR,0.0,50.0,0.0,0.0,0.0,0.0,0.0,0,0.0,0,0.0,0,0,3.585,0
POL-EUR,0.0,50.0,0.0,0.0,0.0,0.0,0.0,0,0.0,0,0.0,0,0,1.6606,1
ADA-EUR,0.0,50.0,0.0,0.0,0.0,0.0,0.0,0,0.0,0,0.0,0,0,2.3985,1
XRP-EUR,0.0,50.0,0.0,0.0,0.0,0.0,0.0,0,0.0,0,0.0,0,0,1.3428,1
RENDER-EUR,0.0,50.0,0.0,0.0,0.0,0.0,0.0,0,0.0,0,0.0,0,0,1.2173,1
MOODENG-EUR,0.0,50.0,0.0,0.0,0.0,0.0,0.0,0,0.0,0,0.0,0,0,0.8097,1
MOODENG-EUR,0.0,50.0,0.0,0.0,0.0,0.0,0.0,0,0.0,0,0.0,0,0,10.118,1
MOODENG-EUR,0.0,50.0,0.0,0.0,0.0,0.0,0.0,0,0.0,0,0.0,0,0,2.6411,1
APT-EUR,0.0,50.0,0.0,0.0,0.0,0.0,0.0,0,0.0,0,0.0,0,0,1.9916,1
APT-EUR,0.0,50.0,0.0,0.0,0.0,0.0,0.0,0,0.0,0,0.0,0,0,0.5617,0
SUI-EUR,0.0,50.0,0.0,0.0,0.0,0.0,0.0,0,0.0,0,0.0,0,0,1.335,1
MOODENG-EUR,0.0,50.0,0.0,0.0,0.0,0.0,0.0,0,0.0,0,0.0,0,0,4.1051,1
CRV-EUR,0.0,50.0,0.0,0.0,0.0,0.0,0.0,0,0.0,0,0.0,0,0,2.9671,1
POL-EUR,0.0,50.0,0.0,0.0,0.0,0.0,0.0,0,0.0,0,0.0,0,0,1.1028,1
GRT-EUR,0.0,50.0,0.0,0.0,0.0,0.0,0.0,0,0.0,0,0.0,0,0,2.7844,1
LINK-EUR,0.0,50.0,0.0,0.0,0.0,0.0,0.0,0,0.0,0,0.0,0,0,0.8959,1
WOO-EUR,0.0,50.0,0.0,0.0,0.0,0.0,0.0,0,0.0,0,0.0,0,0,0.9742,1
PEPE-EUR,0.0,50.0,0.0,0.0,0.0,0.0,0.0,0,0.0,0,0.0,0,0,0.9438,1
ALGO-EUR,0.0,50.0,0.0,0.0,0.0,0.0,0.0,0,0.0,0,0.0,0,0,0.8345,1
TIA-EUR,0.0,50.0,0.0,0.0,0.0,0.0,0.0,0,0.0,0,0.0,0,0,0.8762,1
FET-EUR,0.0,50.0,0.0,0.0,0.0,0.0,0.0,0,0.0,0,0.0,0,0,0.5725,0
INJ-EUR,0.0,50.0,0.0,0.0,0.0,0.0,0.0,0,0.0,0,0.0,0,0,0.5189,0
THQ-EUR,0.0,50.0,0.0,0.0,0.0,0.0,0.0,0,0.0,0,0.0,0,0,2.4597,1
DOT-EUR,0.0,50.0,0.0,0.0,0.0,0.0,0.0,0,0.0,0,0.0,0,0,0.8079,1
SOL-EUR,0.0,50.0,0.0,0.0,0.0,0.0,0.0,0,0.0,0,0.0,0,0,1.3667,1
ADA-EUR,0.0,50.0,0.0,0.0,0.0,0.0,0.0,0,0.0,0,0.0,0,0,1.6325,1
MOODENG-EUR,0.0,50.0,0.0,0.0,0.0,0.0,0.0,0,0.0,0,0.0,0,0,0.8926,1
FET-EUR,0.0,50.0,0.0,0.0,0.0,0.0,0.0,0,0.0,0,0.0,0,0,0.8789,1
MOODENG-EUR,0.0,50.0,0.0,0.0,0.0,0.0,0.0,0,0.0,0,0.0,0,0,1.6461,1
ENA-EUR,0.0,50.0,0.0,0.0,0.0,0.0,0.0,0,0.0,0,0.0,0,0,1.1297,1
APT-EUR,0.0,50.0,0.0,0.0,0.0,0.0,0.0,0,0.0,0,0.0,0,0,7.564,1
THQ-EUR,0.0,50.0,0.0,0.0,0.0,0.0,0.0,0,0.0,0,0.0,0,0,1.9698,1
SOPH-EUR,0.0,50.0,0.0,0.0,0.0,0.0,0.0,0,0.0,0,0.0,0,0,0.9022,1
THQ-EUR,0.0,50.0,0.0,0.0,0.0,0.0,0.0,0,0.0,0,0.0,0,0,3.472,1
MOODENG-EUR,0.0,50.0,0.0,0.0,0.0,0.0,0.0,0,0.0,0,0.0,0,0,0.9231,1
MOODENG-EUR,0.0,50.0,0.0,0.0,0.0,0.0,0.0,0,0.0,0,0.0,0,0,1.0704,1
ANIME-EUR,0.0,50.0,0.0,0.0,0.0,0.0,0.0,0,0.0,0,0.0,0,0,1.8325,1
LINK-EUR,0.0,50.0,0.0,0.0,0.0,0.0,0.0,0,0.0,0,0.0,0,0,-16.4931,0
PTB-EUR,0.0,50.0,0.0,0.0,0.0,0.0,0.0,0,0.0,0,0.0,0,0,1.6256,1
PTB-EUR,0.0,50.0,0.0,0.0,0.0,0.0,0.0,0,0.0,0,0.0,0,0,5.9215,1
PTB-EUR,0.0,50.0,0.0,0.0,0.0,0.0,0.0,0,0.0,0,0.0,0,0,8.4501,1
PTB-EUR,0.0,50.0,0.0,0.0,0.0,0.0,0.0,0,0.0,0,0.0,0,0,5.9878,1
PTB-EUR,0.0,50.0,0.0,0.0,0.0,0.0,0.0,0,0.0,0,0.0,0,0,4.0844,1
PTB-EUR,0.0,50.0,0.0,0.0,0.0,0.0,0.0,0,0.0,0,0.0,0,0,3.6164,1
PTB-EUR,0.0,50.0,0.0,0.0,0.0,0.0,0.0,0,0.0,0,0.0,0,0,1.4021,1
PTB-EUR,0.0,50.0,0.0,0.0,0.0,0.0,0.0,0,0.0,0,0.0,0,0,4.6222,1
PTB-EUR,0.0,50.0,0.0,0.0,0.0,0.0,0.0,0,0.0,0,0.0,0,0,4.734,1
PTB-EUR,0.0,50.0,0.0,0.0,0.0,0.0,0.0,0,0.0,0,0.0,0,0,4.8527,1
PTB-EUR,0.0,50.0,0.0,0.0,0.0,0.0,0.0,0,0.0,0,0.0,0,0,2.4464,1
PTB-EUR,0.0,50.0,0.0,0.0,0.0,0.0,0.0,0,0.0,0,0.0,0,0,1.919,1
PTB-EUR,0.0,50.0,0.0,0.0,0.0,0.0,0.0,0,0.0,0,0.0,0,0,1.2275,1
PTB-EUR,0.0,50.0,0.0,0.0,0.0,0.0,0.0,0,0.0,0,0.0,0,0,2.3242,1
PTB-EUR,0.0,50.0,0.0,0.0,0.0,0.0,0.0,0,0.0,0,0.0,0,0,1.3393,1
PTB-EUR,0.0,50.0,0.0,0.0,0.0,0.0,0.0,0,0.0,0,0.0,0,0,1.1821,1
PTB-EUR,0.0,50.0,0.0,0.0,0.0,0.0,0.0,0,0.0,0,0.0,0,0,2.0308,1
PTB-EUR,0.0,50.0,0.0,0.0,0.0,0.0,0.0,0,0.0,0,0.0,0,0,2.0098,1
PTB-EUR,0.0,50.0,0.0,0.0,0.0,0.0,0.0,0,0.0,0,0.0,0,0,1.2729,1
PTB-EUR,0.0,50.0,0.0,0.0,0.0,0.0,0.0,0,0.0,0,0.0,0,0,1.5244,1
MOODENG-EUR,0.0,50.0,0.0,0.0,0.0,0.0,0.0,0,0.0,0,0.0,0,0,0.95,1
MOODENG-EUR,0.0,50.0,0.0,0.0,0.0,0.0,0.0,0,0.0,0,0.0,0,0,1.2614,1
MOODENG-EUR,0.0,50.0,0.0,0.0,0.0,0.0,0.0,0,0.0,0,0.0,0,0,2.5848,1
MOODENG-EUR,0.0,50.0,0.0,0.0,0.0,0.0,0.0,0,0.0,0,0.0,0,0,2.5848,1
MOODENG-EUR,0.0,50.0,0.0,0.0,0.0,0.0,0.0,0,0.0,0,0.0,0,0,2.7035,1
MOODENG-EUR,0.0,50.0,0.0,0.0,0.0,0.0,0.0,0,0.0,0,0.0,0,0,2.7035,1
MOODENG-EUR,0.0,50.0,0.0,0.0,0.0,0.0,0.0,0,0.0,0,0.0,0,0,2.5568,1
MOODENG-EUR,0.0,50.0,0.0,0.0,0.0,0.0,0.0,0,0.0,0,0.0,0,0,2.6821,1
MOODENG-EUR,0.0,50.0,0.0,0.0,0.0,0.0,0.0,0,0.0,0,0.0,0,0,2.0311,1
MOODENG-EUR,0.0,50.0,0.0,0.0,0.0,0.0,0.0,0,0.0,0,0.0,0,0,1.6487,1
MOODENG-EUR,0.0,50.0,0.0,0.0,0.0,0.0,0.0,0,0.0,0,0.0,0,0,0.8857,1
PTB-EUR,0.0,50.0,0.0,0.0,0.0,0.0,0.0,0,0.0,0,0.0,0,0,-22.5784,0
PTB-EUR,0.0,50.0,0.0,0.0,0.0,0.0,0.0,0,0.0,0,0.0,0,0,0.822,0
PTB-EUR,0.0,50.0,0.0,0.0,0.0,0.0,0.0,0,0.0,0,0.0,0,0,2.0041,1
MOODENG-EUR,0.0,50.0,0.0,0.0,0.0,0.0,0.0,0,0.0,0,0.0,0,0,0.8218,1
WIF-EUR,0.0,50.0,0.0,0.0,0.0,0.0,0.0,0,0.0,0,0.0,0,0,2.1948,1
WIF-EUR,0.0,50.0,0.0,0.0,0.0,0.0,0.0,0,0.0,0,0.0,0,0,3.7374,1
WIF-EUR,0.0,50.0,0.0,0.0,0.0,0.0,0.0,0,0.0,0,0.0,0,0,4.2938,1
WIF-EUR,0.0,50.0,0.0,0.0,0.0,0.0,0.0,0,0.0,0,0.0,0,0,5.5498,1
WIF-EUR,0.0,50.0,0.0,0.0,0.0,0.0,0.0,0,0.0,0,0.0,0,0,7.0588,1
WIF-EUR,0.0,50.0,0.0,0.0,0.0,0.0,0.0,0,0.0,0,0.0,0,0,7.8807,1
WIF-EUR,0.0,50.0,0.0,0.0,0.0,0.0,0.0,0,0.0,0,0.0,0,0,7.9523,1
WIF-EUR,0.0,50.0,0.0,0.0,0.0,0.0,0.0,0,0.0,0,0.0,0,0,6.9155,1
WIF-EUR,0.0,50.0,0.0,0.0,0.0,0.0,0.0,0,0.0,0,0.0,0,0,5.6594,1
WIF-EUR,0.0,50.0,0.0,0.0,0.0,0.0,0.0,0,0.0,0,0.0,0,0,5.0946,1
WIF-EUR,0.0,50.0,0.0,0.0,0.0,0.0,0.0,0,0.0,0,0.0,0,0,5.2084,1
WIF-EUR,0.0,50.0,0.0,0.0,0.0,0.0,0.0,0,0.0,0,0.0,0,0,4.5383,1
WIF-EUR,0.0,50.0,0.0,0.0,0.0,0.0,0.0,0,0.0,0,0.0,0,0,6.8902,1
WIF-EUR,0.0,50.0,0.0,0.0,0.0,0.0,0.0,0,0.0,0,0.0,0,0,6.6879,1
WIF-EUR,0.0,50.0,0.0,0.0,0.0,0.0,0.0,0,0.0,0,0.0,0,0,6.5277,1
WIF-EUR,0.0,50.0,0.0,0.0,0.0,0.0,0.0,0,0.0,0,0.0,0,0,6.9787,1
WIF-EUR,0.0,50.0,0.0,0.0,0.0,0.0,0.0,0,0.0,0,0.0,0,0,6.907,1
WIF-EUR,0.0,50.0,0.0,0.0,0.0,0.0,0.0,0,0.0,0,0.0,0,0,7.2274,1
WIF-EUR,0.0,50.0,0.0,0.0,0.0,0.0,0.0,0,0.0,0,0.0,0,0,6.6078,1
WIF-EUR,0.0,50.0,0.0,0.0,0.0,0.0,0.0,0,0.0,0,0.0,0,0,5.3897,1
WIF-EUR,0.0,50.0,0.0,0.0,0.0,0.0,0.0,0,0.0,0,0.0,0,0,4.7659,1
WIF-EUR,0.0,50.0,0.0,0.0,0.0,0.0,0.0,0,0.0,0,0.0,0,0,8.2432,1
HYPE-EUR,0.0,50.0,0.0,0.0,0.0,0.0,0.0,0,0.0,0,0.0,0,0,2.264,1
WIF-EUR,0.0,50.0,0.0,0.0,0.0,0.0,0.0,0,0.0,0,0.0,0,0,7.4803,1
WIF-EUR,0.0,50.0,0.0,0.0,0.0,0.0,0.0,0,0.0,0,0.0,0,0,8.3164,1
WIF-EUR,0.0,50.0,0.0,0.0,0.0,0.0,0.0,0,0.0,0,0.0,0,0,7.2864,1
WIF-EUR,0.0,50.0,0.0,0.0,0.0,0.0,0.0,0,0.0,0,0.0,0,0,6.6415,1
SOL-EUR,0.0,50.0,0.0,0.0,0.0,0.0,0.0,0,0.0,0,0.0,0,0,-21.7936,0
WIF-EUR,0.0,50.0,0.0,0.0,0.0,0.0,0.0,0,0.0,0,0.0,0,0,7.991,1
WIF-EUR,0.0,50.0,0.0,0.0,0.0,0.0,0.0,0,0.0,0,0.0,0,0,9.2632,1
WIF-EUR,0.0,50.0,0.0,0.0,0.0,0.0,0.0,0,0.0,0,0.0,0,0,10.751,1
WIF-EUR,0.0,50.0,0.0,0.0,0.0,0.0,0.0,0,0.0,0,0.0,0,0,10.8311,1
WIF-EUR,0.0,50.0,0.0,0.0,0.0,0.0,0.0,0,0.0,0,0.0,0,0,18.8057,1
LUNA2-EUR,0.0,50.0,0.0,0.0,0.0,0.0,0.0,0,0.0,0,0.0,0,0,2.0453,1
WIF-EUR,0.0,50.0,0.0,0.0,0.0,0.0,0.0,0,0.0,0,0.0,0,0,16.5381,1
WIF-EUR,0.0,50.0,0.0,0.0,0.0,0.0,0.0,0,0.0,0,0.0,0,0,15.0292,1
WIF-EUR,0.0,50.0,0.0,0.0,0.0,0.0,0.0,0,0.0,0,0.0,0,0,14.8142,1
WIF-EUR,0.0,50.0,0.0,0.0,0.0,0.0,0.0,0,0.0,0,0.0,0,0,15.5307,1
WIF-EUR,0.0,50.0,0.0,0.0,0.0,0.0,0.0,0,0.0,0,0.0,0,0,15.8637,1
WIF-EUR,0.0,50.0,0.0,0.0,0.0,0.0,0.0,0,0.0,0,0.0,0,0,17.2083,1
DATA-EUR,0.0,50.0,0.0,0.0,0.0,0.0,0.0,0,0.0,0,0.0,0,0,0.8819,1
WIF-EUR,0.0,50.0,0.0,0.0,0.0,0.0,0.0,0,0.0,0,0.0,0,0,16.7868,1
WIF-EUR,0.0,50.0,0.0,0.0,0.0,0.0,0.0,0,0.0,0,0.0,0,0,17.3811,1
WIF-EUR,0.0,50.0,0.0,0.0,0.0,0.0,0.0,0,0.0,0,0.0,0,0,17.0428,1
WIF-EUR,0.0,50.0,0.0,0.0,0.0,0.0,0.0,0,0.0,0,0.0,0,0,16.3316,1
WIF-EUR,0.0,50.0,0.0,0.0,0.0,0.0,0.0,0,0.0,0,0.0,0,0,16.0787,1
ACT-EUR,0.0,50.0,0.0,0.0,0.0,0.0,0.0,0,0.0,0,0.0,0,0,1.9369,1
WIF-EUR,0.0,50.0,0.0,0.0,0.0,0.0,0.0,0,0.0,0,0.0,0,0,17.9627,1
WIF-EUR,0.0,50.0,0.0,0.0,0.0,0.0,0.0,0,0.0,0,0.0,0,0,18.7678,1
ACA-EUR,0.0,50.0,0.0,0.0,0.0,0.0,0.0,0,0.0,0,0.0,0,0,1.2745,1
WIF-EUR,0.0,50.0,0.0,0.0,0.0,0.0,0.0,0,0.0,0,0.0,0,0,18.1356,1
WIF-EUR,0.0,50.0,0.0,0.0,0.0,0.0,0.0,0,0.0,0,0.0,0,0,18.5275,1
WIF-EUR,0.0,50.0,0.0,0.0,0.0,0.0,0.0,0,0.0,0,0.0,0,0,18.439,1
WIF-EUR,0.0,50.0,0.0,0.0,0.0,0.0,0.0,0,0.0,0,0.0,0,0,16.7808,1
WIF-EUR,0.0,50.0,0.0,0.0,0.0,0.0,0.0,0,0.0,0,0.0,0,0,15.202,1
WIF-EUR,0.0,50.0,0.0,0.0,0.0,0.0,0.0,0,0.0,0,0.0,0,0,13.7339,1
WIF-EUR,0.0,50.0,0.0,0.0,0.0,0.0,0.0,0,0.0,0,0.0,0,0,13.6973,1
WIF-EUR,0.0,50.0,0.0,0.0,0.0,0.0,0.0,0,0.0,0,0.0,0,0,15.1514,1
WIF-EUR,0.0,50.0,0.0,0.0,0.0,0.0,0.0,0,0.0,0,0.0,0,0,16.5044,1
WIF-EUR,0.0,50.0,0.0,0.0,0.0,0.0,0.0,0,0.0,0,0.0,0,0,15.2721,1
WIF-EUR,0.0,50.0,0.0,0.0,0.0,0.0,0.0,0,0.0,0,0.0,0,0,14.6456,1
ACA-EUR,0.0,50.0,0.0,0.0,0.0,0.0,0.0,0,0.0,0,0.0,0,0,2.7444,1
WIF-EUR,0.0,50.0,0.0,0.0,0.0,0.0,0.0,0,0.0,0,0.0,0,0,14.3674,1
WIF-EUR,0.0,50.0,0.0,0.0,0.0,0.0,0.0,0,0.0,0,0.0,0,0,16.2346,1
WIF-EUR,0.0,50.0,0.0,0.0,0.0,0.0,0.0,0,0.0,0,0.0,0,0,18.6287,1
WIF-EUR,0.0,50.0,0.0,0.0,0.0,0.0,0.0,0,0.0,0,0.0,0,0,19.5897,1
WIF-EUR,0.0,50.0,0.0,0.0,0.0,0.0,0.0,0,0.0,0,0.0,0,0,20.125,1
WIF-EUR,0.0,50.0,0.0,0.0,0.0,0.0,0.0,0,0.0,0,0.0,0,0,20.517,1
ACA-EUR,0.0,50.0,0.0,0.0,0.0,0.0,0.0,0,0.0,0,0.0,0,0,0.7132,0
WIF-EUR,0.0,50.0,0.0,0.0,0.0,0.0,0.0,0,0.0,0,0.0,0,0,19.379,1
WIF-EUR,0.0,50.0,0.0,0.0,0.0,0.0,0.0,0,0.0,0,0.0,0,0,22.9532,1
WIF-EUR,0.0,50.0,0.0,0.0,0.0,0.0,0.0,0,0.0,0,0.0,0,0,22.0639,1
WIF-EUR,0.0,50.0,0.0,0.0,0.0,0.0,0.0,0,0.0,0,0.0,0,0,22.6582,1
WIF-EUR,0.0,50.0,0.0,0.0,0.0,0.0,0.0,0,0.0,0,0.0,0,0,22.4011,1
WIF-EUR,0.0,50.0,0.0,0.0,0.0,0.0,0.0,0,0.0,0,0.0,0,0,24.1207,1
WIF-EUR,0.0,50.0,0.0,0.0,0.0,0.0,0.0,0,0.0,0,0.0,0,0,28.7108,1
WIF-EUR,0.0,50.0,0.0,0.0,0.0,0.0,0.0,0,0.0,0,0.0,0,0,26.7129,1
WIF-EUR,0.0,50.0,0.0,0.0,0.0,0.0,0.0,0,0.0,0,0.0,0,0,25.4274,1
WIF-EUR,0.0,50.0,0.0,0.0,0.0,0.0,0.0,0,0.0,0,0.0,0,0,25.4737,1
WIF-EUR,0.0,50.0,0.0,0.0,0.0,0.0,0.0,0,0.0,0,0.0,0,0,27.6065,1
WIF-EUR,0.0,50.0,0.0,0.0,0.0,0.0,0.0,0,0.0,0,0.0,0,0,27.1808,1
WIF-EUR,0.0,50.0,0.0,0.0,0.0,0.0,0.0,0,0.0,0,0.0,0,0,28.9637,1
WIF-EUR,0.0,50.0,0.0,0.0,0.0,0.0,0.0,0,0.0,0,0.0,0,0,28.892,1
WIF-EUR,0.0,50.0,0.0,0.0,0.0,0.0,0.0,0,0.0,0,0.0,0,0,30.9784,1
ACT-EUR,0.0,50.0,0.0,0.0,0.0,0.0,0.0,0,0.0,0,0.0,0,0,1.0035,1
ACT-EUR,0.0,50.0,0.0,0.0,0.0,0.0,0.0,0,0.0,0,0.0,0,0,1.3311,1
WIF-EUR,0.0,50.0,0.0,0.0,0.0,0.0,0.0,0,0.0,0,0.0,0,0,32.5801,1
ACT-EUR,0.0,50.0,0.0,0.0,0.0,0.0,0.0,0,0.0,0,0.0,0,0,0.8333,1
ACT-EUR,0.0,50.0,0.0,0.0,0.0,0.0,0.0,0,0.0,0,0.0,0,0,1.3268,1
WIF-EUR,0.0,50.0,0.0,0.0,0.0,0.0,0.0,0,0.0,0,0.0,0,0,47.307,1
ACT-EUR,0.0,50.0,0.0,0.0,0.0,0.0,0.0,0,0.0,0,0.0,0,0,4.688,1
ACT-EUR,0.0,50.0,0.0,0.0,0.0,0.0,0.0,0,0.0,0,0.0,0,0,6.3643,1
ACT-EUR,0.0,50.0,0.0,0.0,0.0,0.0,0.0,0,0.0,0,0.0,0,0,3.9391,1
DODO-EUR,0.0,50.0,0.0,0.0,0.0,0.0,0.0,0,0.0,0,0.0,0,0,1.0027,1
WIF-EUR,0.0,50.0,0.0,0.0,0.0,0.0,0.0,0,0.0,0,0.0,0,0,44.5588,1
ACT-EUR,0.0,50.0,0.0,0.0,0.0,0.0,0.0,0,0.0,0,0.0,0,0,2.3096,1
ACT-EUR,0.0,50.0,0.0,0.0,0.0,0.0,0.0,0,0.0,0,0.0,0,0,2.2331,1
WIF-EUR,0.0,50.0,0.0,0.0,0.0,0.0,0.0,0,0.0,0,0.0,0,0,46.5356,1
WIF-EUR,0.0,50.0,0.0,0.0,0.0,0.0,0.0,0,0.0,0,0.0,0,0,46.6242,1
WIF-EUR,0.0,50.0,0.0,0.0,0.0,0.0,0.0,0,0.0,0,0.0,0,0,44.5673,1
WIF-EUR,0.0,50.0,0.0,0.0,0.0,0.0,0.0,0,0.0,0,0.0,0,0,44.1837,1
ACT-EUR,0.0,50.0,0.0,0.0,0.0,0.0,0.0,0,0.0,0,0.0,0,0,2.1097,1
WIF-EUR,0.0,50.0,0.0,0.0,0.0,0.0,0.0,0,0.0,0,0.0,0,0,43.3492,1
WIF-EUR,0.0,50.0,0.0,0.0,0.0,0.0,0.0,0,0.0,0,0.0,0,0,41.4735,1
ACT-EUR,0.0,50.0,0.0,0.0,0.0,0.0,0.0,0,0.0,0,0.0,0,0,0.8546,1
WIF-EUR,0.0,50.0,0.0,0.0,0.0,0.0,0.0,0,0.0,0,0.0,0,0,42.7422,1
ACT-EUR,0.0,50.0,0.0,0.0,0.0,0.0,0.0,0,0.0,0,0.0,0,0,1.1822,1
ACT-EUR,0.0,50.0,0.0,0.0,0.0,0.0,0.0,0,0.0,0,0.0,0,0,1.1822,1
WIF-EUR,0.0,50.0,0.0,0.0,0.0,0.0,0.0,0,0.0,0,0.0,0,0,41.111,1
ACT-EUR,0.0,50.0,0.0,0.0,0.0,0.0,0.0,0,0.0,0,0.0,0,0,1.1822,1
ACT-EUR,0.0,50.0,0.0,0.0,0.0,0.0,0.0,0,0.0,0,0.0,0,0,0.9269,1
WIF-EUR,0.0,50.0,0.0,0.0,0.0,0.0,0.0,0,0.0,0,0.0,0,0,44.5757,1
WIF-EUR,0.0,50.0,0.0,0.0,0.0,0.0,0.0,0,0.0,0,0.0,0,0,42.523,1
WIF-EUR,0.0,50.0,0.0,0.0,0.0,0.0,0.0,0,0.0,0,0.0,0,0,40.0573,1
WIF-EUR,0.0,50.0,0.0,0.0,0.0,0.0,0.0,0,0.0,0,0.0,0,0,40.1458,1
WIF-EUR,0.0,50.0,0.0,0.0,0.0,0.0,0.0,0,0.0,0,0.0,0,0,39.5389,1
WIF-EUR,0.0,50.0,0.0,0.0,0.0,0.0,0.0,0,0.0,0,0.0,0,0,39.2649,1
MOODENG-EUR,0.0,50.0,0.0,0.0,0.0,0.0,0.0,0,0.0,0,0.0,0,0,8.3387,1
MOODENG-EUR,0.0,50.0,0.0,0.0,0.0,0.0,0.0,0,0.0,0,0.0,0,0,2.2334,0
MOODENG-EUR,0.0,50.0,0.0,0.0,0.0,0.0,0.0,0,0.0,0,0.0,0,0,9.5582,1
WIF-EUR,0.0,50.0,0.0,0.0,0.0,0.0,0.0,0,0.0,0,0.0,0,0,44.0911,1
ICNT-EUR,0.0,50.0,0.0,0.0,0.0,0.0,0.0,0,0.0,0,0.0,0,0,1.023,1
ACT-EUR,0.0,50.0,0.0,0.0,0.0,0.0,0.0,0,0.0,0,0.0,0,0,0.8347,1
ACT-EUR,0.0,50.0,0.0,0.0,0.0,0.0,0.0,0,0.0,0,0.0,0,0,1.5708,1
ACT-EUR,0.0,50.0,0.0,0.0,0.0,0.0,0.0,0,0.0,0,0.0,0,0,1.49,1
MOODENG-EUR,0.0,50.0,0.0,0.0,0.0,0.0,0.0,0,0.0,0,0.0,0,0,2.9059,1
ACT-EUR,0.0,50.0,0.0,0.0,0.0,0.0,0.0,0,0.0,0,0.0,0,0,1.0475,1
ACT-EUR,0.0,50.0,0.0,0.0,0.0,0.0,0.0,0,0.0,0,0.0,0,0,1.1751,1
RDNT-EUR,0.0,50.0,0.0,0.0,0.0,0.0,0.0,0,0.0,0,0.0,0,0,2.002,1
ACT-EUR,0.0,50.0,0.0,0.0,0.0,0.0,0.0,0,0.0,0,0.0,0,0,1.0305,1
ACT-EUR,0.0,50.0,0.0,0.0,0.0,0.0,0.0,0,0.0,0,0.0,0,0,1.0305,1
ACT-EUR,0.0,50.0,0.0,0.0,0.0,0.0,0.0,0,0.0,0,0.0,0,0,1.0305,1
D-EUR,0.0,50.0,0.0,0.0,0.0,0.0,0.0,0,0.0,0,0.0,0,0,1.622,1
ACT-EUR,0.0,50.0,0.0,0.0,0.0,0.0,0.0,0,0.0,0,0.0,0,0,1.2474,1
ACT-EUR,0.0,50.0,0.0,0.0,0.0,0.0,0.0,0,0.0,0,0.0,0,0,1.2474,1
ACT-EUR,0.0,50.0,0.0,0.0,0.0,0.0,0.0,0,0.0,0,0.0,0,0,1.2474,1
ACT-EUR,0.0,50.0,0.0,0.0,0.0,0.0,0.0,0,0.0,0,0.0,0,0,2.7195,1
ACT-EUR,0.0,50.0,0.0,0.0,0.0,0.0,0.0,0,0.0,0,0.0,0,0,1.9112,1
ACT-EUR,0.0,50.0,0.0,0.0,0.0,0.0,0.0,0,0.0,0,0.0,0,0,1.5368,1
ACT-EUR,0.0,50.0,0.0,0.0,0.0,0.0,0.0,0,0.0,0,0.0,0,0,1.1496,1
ALPHA-EUR,0.0,50.0,0.0,0.0,0.0,0.0,0.0,0,0.0,0,0.0,0,0,-23.1708,0
KAVA-EUR,0.0,50.0,0.0,0.0,0.0,0.0,0.0,0,0.0,0,0.0,0,0,0.9709,1
CELR-EUR,0.0,50.0,0.0,0.0,0.0,0.0,0.0,0,0.0,0,0.0,0,0,1.1954,1
SUI-EUR,0.0,50.0,0.0,0.0,0.0,0.0,0.0,0,0.0,0,0.0,0,0,1.2916,1
JASMY-EUR,0.0,50.0,0.0,0.0,0.0,0.0,0.0,0,0.0,0,0.0,0,0,2.6089,1
IMX-EUR,0.0,50.0,0.0,0.0,0.0,0.0,0.0,0,0.0,0,0.0,0,0,-27.4946,0
D-EUR,0.0,50.0,0.0,0.0,0.0,0.0,0.0,0,0.0,0,0.0,0,0,1.8484,0
ACT-EUR,0.0,50.0,0.0,0.0,0.0,0.0,0.0,0,0.0,0,0.0,0,0,0.8552,0
ICP-EUR,0.0,50.0,0.0,0.0,0.0,0.0,0.0,0,0.0,0,0.0,0,0,4.5845,1
APT-EUR,0.0,50.0,0.0,0.0,0.0,0.0,0.0,0,0.0,0,0.0,0,0,1.3174,1
GALA-EUR,0.0,50.0,0.0,0.0,0.0,0.0,0.0,0,0.0,0,0.0,0,0,1.8645,1
RDNT-EUR,0.0,50.0,0.0,0.0,0.0,0.0,0.0,0,0.0,0,0.0,0,0,1.2848,1
MERL-EUR,0.0,50.0,0.0,0.0,0.0,0.0,0.0,0,0.0,0,0.0,0,0,-21.3477,0
FET-EUR,0.0,50.0,0.0,0.0,0.0,0.0,0.0,0,0.0,0,0.0,0,0,1.991,1
POL-EUR,0.0,50.0,0.0,0.0,0.0,0.0,0.0,0,0.0,0,0.0,0,0,1.021,1
S-EUR,0.0,50.0,0.0,0.0,0.0,0.0,0.0,0,0.0,0,0.0,0,0,3.2096,1
ACH-EUR,0.0,50.0,0.0,0.0,0.0,0.0,0.0,0,0.0,0,0.0,0,0,2.001,1
ENA-EUR,0.0,50.0,0.0,0.0,0.0,0.0,0.0,0,0.0,0,0.0,0,0,-29.174,0
INJ-EUR,0.0,50.0,0.0,0.0,0.0,0.0,0.0,0,0.0,0,0.0,0,0,-13.3087,0
AAVE-EUR,0.0,50.0,0.0,0.0,0.0,0.0,0.0,0,0.0,0,0.0,0,0,-17.2212,0
API3-EUR,0.0,50.0,0.0,0.0,0.0,0.0,0.0,0,0.0,0,0.0,0,0,0.9673,1
APE-EUR,0.0,50.0,0.0,0.0,0.0,0.0,0.0,0,0.0,0,0.0,0,0,1.3424,1
XRP-EUR,0.0,50.0,0.0,0.0,0.0,0.0,0.0,0,0.0,0,0.0,0,0,1.7159,1
MTL-EUR,0.0,50.0,0.0,0.0,0.0,0.0,0.0,0,0.0,0,0.0,0,0,-18.5982,0
JASMY-EUR,0.0,50.0,0.0,0.0,0.0,0.0,0.0,0,0.0,0,0.0,0,0,-15.0881,0
ADA-EUR,0.0,50.0,0.0,0.0,0.0,0.0,0.0,0,0.0,0,0.0,0,0,-22.5494,0
HNT-EUR,0.0,50.0,0.0,0.0,0.0,0.0,0.0,0,0.0,0,0.0,0,0,-11.1181,1
JASMY-EUR,0.0,50.0,0.0,0.0,0.0,0.0,0.0,0,0.0,0,0.0,0,0,-12.0011,0
ZAMA-EUR,0.0,50.0,0.0,0.0,0.0,0.0,0.0,0,0.0,0,0.0,0,0,-13.6975,0
C98-EUR,0.0,50.0,0.0,0.0,0.0,0.0,0.0,0,0.0,0,0.0,0,0,-10.2334,0
XRP-EUR,0.0,50.0,0.0,0.0,0.0,0.0,0.0,0,0.0,0,0.0,0,0,-10.2434,0
RENDER-EUR,0.0,50.0,0.0,0.0,0.0,0.0,0.0,0,0.0,0,0.0,0,0,-10.1296,0
ENA-EUR,0.0,50.0,0.0,0.0,0.0,0.0,0.0,0,0.0,0,0.0,0,0,-10.0581,0
INJ-EUR,0.0,50.0,0.0,0.0,0.0,0.0,0.0,0,0.0,0,0.0,0,0,-13.3216,0
CELR-EUR,0.0,50.0,0.0,0.0,0.0,0.0,0.0,0,0.0,0,0.0,0,0,-10.9981,1
SNX-EUR,0.0,50.0,0.0,0.0,0.0,0.0,0.0,0,0.0,0,0.0,0,0,-10.8434,0
KAVA-EUR,0.0,50.0,0.0,0.0,0.0,0.0,0.0,0,0.0,0,0.0,0,0,-17.2413,0
IMX-EUR,0.0,50.0,0.0,0.0,0.0,0.0,0.0,0,0.0,0,0.0,0,0,-13.8501,0
DODO-EUR,0.0,50.0,0.0,0.0,0.0,0.0,0.0,0,0.0,0,0.0,0,0,-13.2239,0
KAVA-EUR,0.0,50.0,0.0,0.0,0.0,0.0,0.0,0,0.0,0,0.0,0,0,-17.2413,0
LPT-EUR,0.0,50.0,0.0,0.0,0.0,0.0,0.0,0,0.0,0,0.0,0,0,1.2403,1
DYDX-EUR,0.0,50.0,0.0,0.0,0.0,0.0,0.0,0,0.0,0,0.0,0,0,1.6663,1
COTI-EUR,0.0,50.0,0.0,0.0,0.0,0.0,0.0,0,0.0,0,0.0,0,0,1.2816,1
LTC-EUR,0.0,50.0,0.0,0.0,0.0,0.0,0.0,0,0.0,0,0.0,0,0,1.8359,1
AUDIO-EUR,0.0,50.0,0.0,0.0,0.0,0.0,0.0,0,0.0,0,0.0,0,0,1.666,1
RAD-EUR,0.0,50.0,0.0,0.0,0.0,0.0,0.0,0,0.0,0,0.0,0,0,4.1049,0
SUSHI-EUR,0.0,50.0,0.0,0.0,0.0,0.0,0.0,0,0.0,0,0.0,0,0,6.3631,1
JASMY-EUR,0.0,50.0,0.0,0.0,0.0,0.0,0.0,0,0.0,0,0.0,0,0,18.3142,1
NEAR-EUR,0.0,50.0,0.0,0.0,0.0,0.0,0.0,0,0.0,0,0.0,0,0,16.1526,1
HOT-EUR,0.0,50.0,0.0,0.0,0.0,0.0,0.0,0,0.0,0,0.0,0,0,10.454,1
MASK-EUR,0.0,50.0,0.0,0.0,0.0,0.0,0.0,0,0.0,0,0.0,0,0,11.2097,1
FIL-EUR,0.0,50.0,0.0,0.0,0.0,0.0,0.0,0,0.0,0,0.0,0,0,14.078,1
AVAX-EUR,0.0,50.0,0.0,0.0,0.0,0.0,0.0,0,0.0,0,0.0,0,0,1.73,0
BICO-EUR,0.0,50.0,0.0,0.0,0.0,0.0,0.0,0,0.0,0,0.0,0,0,5.2696,1
ANKR-EUR,0.0,50.0,0.0,0.0,0.0,0.0,0.0,0,0.0,0,0.0,0,0,1.2749,1
SOL-EUR,0.0,50.0,0.0,0.0,0.0,0.0,0.0,0,14.73,0,0.0,0,0,-32.2256,0
ZEUS-EUR,0.0,50.0,0.0,0.0,0.0,0.0,0.0,0,0.0,0,0.0,0,0,0.5612,1
ICX-EUR,0.0,50.0,0.0,0.0,0.0,0.0,0.0,0,0.0,0,0.0,0,0,14.2577,1
AXS-EUR,0.0,50.0,0.0,0.0,0.0,0.0,0.0,0,0.0,0,0.0,0,0,4.2299,1
ATOM-EUR,0.0,50.0,0.0,0.0,0.0,0.0,0.0,0,11.45,0,0.0,0,0,-14.7808,0
ADA-EUR,0.0,50.0,0.0,0.0,0.0,0.0,0.0,0,10.98,0,0.0,0,0,-10.2396,0
TAO-EUR,0.0,50.0,0.0,0.0,0.0,0.0,0.0,0,0.0,0,0.0,0,0,2.142,1
S-EUR,0.0,50.0,0.0,0.0,0.0,0.0,0.0,0,0.0,0,0.0,0,0,2.1329,1
RENDER-EUR,0.0,50.0,0.0,0.0,0.0,0.0,0.0,0,0.0,0,0.0,0,0,2.8319,0
ZEUS-EUR,0.0,50.0,0.0,0.0,0.0,0.0,0.0,0,0.0,0,0.0,0,0,1.1452,1
XRP-EUR,0.0,50.0,0.0,0.0,0.0,0.0,0.0,0,10.72,0,0.0,0,0,-10.3009,0
ZEUS-EUR,0.0,50.0,0.0,0.0,0.0,0.0,0.0,0,0.0,0,0.0,0,0,0.4668,1
ZEUS-EUR,0.0,50.0,0.0,0.0,0.0,0.0,0.0,0,0.0,0,0.0,0,0,6.943,1
RENDER-EUR,0.0,50.0,0.0,0.0,0.0,0.0,0.0,0,0.0,0,0.0,0,0,1.0189,1
ZEUS-EUR,0.0,50.0,0.0,0.0,0.0,0.0,0.0,0,50.0,0,0.0,0,0,-11.0381,1
POL-EUR,0.0,50.0,0.0,0.0,0.0,0.0,0.0,0,10.0,0,0.0,0,0,-10.5105,0
ATOM-EUR,0.0,50.0,0.0,0.0,0.0,0.0,0.0,0,0.0,0,0.0,0,0,2.7801,1
TAO-EUR,0.0,50.0,0.0,0.0,0.0,0.0,0.0,0,9.97,0,0.0,0,0,-10.118,0
CELR-EUR,0.0,50.0,0.0,0.0,0.0,0.0,0.0,0,0.0,0,0.0,0,0,1.5288,1
ZEUS-EUR,0.0,50.0,0.0,0.0,0.0,0.0,0.0,0,0.0,0,0.0,0,0,0.8967,1
ZEUS-EUR,0.0,50.0,0.0,0.0,0.0,0.0,0.0,0,0.0,0,0.0,0,0,6.8641,1
ADA-EUR,0.0,50.0,0.0,0.0,0.0,0.0,0.0,0,0.0,0,0.0,0,0,1.9429,1
AVAX-EUR,0.0,50.0,0.0,0.0,0.0,0.0,0.0,0,0.0,0,0.0,0,0,1.5082,1
BICO-EUR,0.0,50.0,0.0,0.0,0.0,0.0,0.0,0,0.0,0,0.0,0,0,1.8894,1
ACH-EUR,0.0,50.0,0.0,0.0,0.0,0.0,0.0,0,0.0,0,0.0,0,0,1.28,0
XRP-EUR,0.0,50.0,0.0,0.0,0.0,0.0,0.0,0,0.0,0,0.0,0,0,1.8653,1
SOL-EUR,0.0,50.0,0.0,0.0,0.0,0.0,0.0,0,0.0,0,0.0,0,0,1.9849,1
LINK-EUR,0.0,50.0,0.0,0.0,0.0,0.0,0.0,0,0.0,0,0.0,0,0,0.749,1
XRP-EUR,0.0,50.0,0.0,0.0,0.0,0.0,0.0,0,0.0,0,0.0,0,0,1.378,1
ADA-EUR,0.0,50.0,0.0,0.0,0.0,0.0,0.0,0,0.0,0,0.0,0,0,2.4975,1
FET-EUR,0.0,50.0,0.0,0.0,0.0,0.0,0.0,0,0.0,0,0.0,0,0,2.7824,1
ADA-EUR,0.0,50.0,0.0,0.0,0.0,0.0,0.0,0,0.0,0,0.0,0,0,2.5324,1
AAVE-EUR,0.0,50.0,0.0,0.0,0.0,0.0,0.0,0,0.0,0,0.0,0,0,1.7898,1
RENDER-EUR,0.0,50.0,0.0,0.0,0.0,0.0,0.0,0,0.0,0,0.0,0,0,3.2435,1
BCH-EUR,0.0,50.0,0.0,0.0,0.0,0.0,0.0,0,0.0,0,0.0,0,0,0.5347,1
UNI-EUR,0.0,50.0,0.0,0.0,0.0,0.0,0.0,0,0.0,0,0.0,0,0,3.0381,1
